Num_Acc;id_vehicule;num_veh;senc;catv;obs;obsm;choc;manv;motor;occutc
202100012252;179 824;A01;1;1;0;2;8;13;5;
202100012269;179 794;B01;1;1;0;0;0;0;5;
202100012277;179 781;B01;3;1;0;2;3;9;5;
202100012280;179 778;B01;1;1;0;2;1;1;0;
202100012286;179 768;A01;1;1;0;2;3;1;5;
202100012294;179 759;A01;2;1;0;2;1;11;0;
202100012307;179 735;B01;2;1;0;2;4;1;5;
202100012310;179 729;B01;2;1;0;2;1;1;5;
202100012318;179 716;A01;1;1;0;2;2;1;5;
202100012329;179 697;A01;2;1;0;1;1;1;5;
202100012335;179 687;B01;2;1;0;0;4;0;5;
202100012382;179 579;B01;2;1;0;2;2;0;5;
202100012383;179 577;B01;1;1;0;2;1;1;0;
202100012388;179 568;B01;-1;1;0;2;0;0;0;
202100012393;179 558;B01;1;1;0;2;3;1;5;
202100012406;179 530;A01;0;80;0;2;2;25;3;
202100012427;179 495;B01;1;80;0;2;7;17;3;
202100012428;179 492;B01;2;80;0;2;1;19;3;
202100012429;179 490;A01;3;1;0;2;4;5;5;
202100012443;179 468;B01;1;80;0;2;1;1;3;
202100012451;179 455;B01;1;1;0;2;1;1;0;
202100012452;179 453;A01;1;1;0;2;4;1;5;
202100012454;179 450;B01;1;1;0;2;7;19;5;
202100012456;179 446;B01;1;1;0;2;0;1;5;
202100012467;179 423;A01;3;1;0;1;0;16;0;
202100012472;179 415;B01;1;1;0;2;7;15;5;
202100012477;179 405;A01;2;1;0;2;8;1;5;
202100012479;179 402;B01;1;1;0;2;1;2;5;
202100012480;179 399;C01;1;80;0;2;8;1;3;
202100012486;179 387;B01;1;80;0;2;4;1;3;
202100012510;179 347;B01;2;1;0;2;1;1;5;
202100012510;179 348;A01;1;1;0;0;4;1;5;
202100012512;179 345;B01;3;80;4;0;8;1;3;
202100012539;179 299;B01;2;1;0;2;7;1;5;
202100012575;179 238;B01;2;1;0;2;3;1;5;
202100012582;179 227;A01;3;1;0;0;0;0;5;
202100012588;179 218;B01;3;1;0;2;1;19;5;
202100012608;179 175;B01;3;1;0;2;0;1;6;
202100012614;179 164;B01;0;1;0;2;1;1;5;
202100012617;179 160;B01;1;1;0;2;1;2;0;
202100012636;179 125;B01;1;1;0;2;6;1;5;
202100012655;179 094;A01;2;80;0;1;1;1;3;
202100012663;179 082;A01;0;1;0;2;8;26;0;
202100012678;179 055;B01;2;1;0;2;2;5;5;
202100012684;179 043;B01;2;1;0;2;1;1;5;
202100012684;179 044;A01;1;1;0;2;1;17;5;
202100012699;179 018;A01;1;1;6;0;7;1;5;
202100012736;178 953;B01;3;1;0;0;0;0;5;
202100012737;178 951;B01;3;1;0;2;1;13;5;
202100012765;178 903;A01;3;1;0;2;8;9;5;
202100012769;178 897;B01;3;1;0;2;3;3;5;
202100012773;178 889;B01;3;1;0;2;1;0;5;
202100012804;178 831;B01;3;1;0;0;0;0;0;
202100012810;178 822;B01;1;1;0;2;1;9;5;
202100012810;178 823;A01;2;1;0;2;1;1;5;
202100012832;178 787;B01;1;1;0;2;4;1;5;
202100012834;178 782;B01;2;1;0;2;1;9;0;
202100012837;178 777;A01;1;1;1;0;1;1;5;
202100012840;178 772;A01;3;80;0;2;1;1;3;
202100012845;178 763;B01;1;80;0;2;1;11;3;
202100012854;178 750;B01;2;1;0;2;4;15;5;
202100012855;178 747;B01;1;80;0;2;1;22;3;
202100012860;178 739;B01;1;1;0;0;0;0;0;
202100012866;178 728;A01;1;1;0;2;7;15;5;
202100012872;178 717;B01;1;80;0;2;1;1;3;
202100012875;178 712;B01;3;1;0;2;1;1;5;
202100012879;178 706;B01;2;1;0;2;6;15;5;
202100012898;178 671;B01;1;1;1;0;0;1;5;
202100012917;178 641;B01;2;1;0;2;6;1;5;
202100012949;178 590;A01;3;1;0;0;0;0;5;
202100012971;178 554;A01;2;1;0;0;0;0;5;
202100012972;178 552;A01;2;1;0;0;1;0;5;
202100012976;178 545;B01;1;1;0;2;3;1;5;
202100012990;178 522;A01;3;80;10;0;1;13;3;
202100012994;178 517;B01;3;1;0;2;1;23;5;
202100013023;178 469;Z01;1;1;0;1;0;0;5;
202100013024;178 468;A01;1;80;0;1;1;1;3;
202100013026;178 465;A01;3;1;4;0;1;1;5;
202100013034;178 452;A01;3;1;0;0;0;0;5;
202100013056;178 407;B01;2;1;0;2;8;19;5;
202100013066;178 388;A01;1;1;0;2;1;2;5;
202100013067;178 387;B01;2;80;0;2;8;1;3;
202100013069;178 383;B01;2;1;0;2;8;1;5;
202100013070;178 381;A01;2;1;0;2;1;2;5;
202100013073;178 373;A01;1;1;0;2;2;5;5;
202100013076;178 369;B01;0;1;0;2;0;21;5;
202100013080;178 361;B01;0;1;0;2;1;1;5;
202100013080;178 362;C01;1;1;0;2;1;1;5;
202100013082;178 358;B01;1;1;0;2;8;1;5;
202100013083;178 356;B01;1;1;0;2;8;1;5;
202100013093;178 337;B01;1;80;0;2;4;2;3;
202100013107;178 315;A01;2;1;0;1;1;1;5;
202100013108;178 313;B01;2;1;0;2;1;1;5;
202100013109;178 312;B01;2;1;0;2;4;13;5;
202100013111;178 308;B01;2;1;0;2;1;1;5;
202100013115;178 302;B01;2;1;0;2;3;1;5;
202100013122;178 291;B01;1;1;0;2;1;1;5;
202100013124;178 287;B01;0;1;0;2;4;1;0;
202100013146;178 248;B01;1;1;1;0;1;1;5;
202100013156;178 231;C01;1;1;0;2;9;2;5;
202100013156;178 232;B01;1;1;0;2;9;2;2;
202100013161;178 223;C01;1;80;0;2;4;1;3;
202100013168;178 209;A01;2;1;0;2;2;13;6;
202100013170;178 206;B01;1;1;0;2;7;19;5;
202100013176;178 196;A01;2;1;0;0;0;1;5;
202100013182;178 183;B01;1;1;0;2;7;1;5;
202100013210;178 124;B01;2;1;0;2;1;19;5;
202100013232;178 088;B01;3;1;0;2;8;13;5;
202100013233;178 087;B01;1;1;0;2;8;5;0;
202100013242;178 070;B01;2;1;0;2;4;1;5;
202100013245;178 067;B01;2;1;0;2;1;15;5;
202100013248;178 062;B01;3;1;0;2;1;5;5;
202100013253;178 051;B01;1;1;0;2;1;1;5;
202100013259;178 040;A01;1;1;0;0;0;19;5;
202100013267;178 026;B01;2;1;0;2;2;1;5;
202100013269;178 023;B01;1;80;0;2;1;1;3;
202100013270;178 020;A01;1;1;0;2;1;15;5;
202100013283;177 996;B01;0;1;0;2;4;0;5;
202100013286;177 991;B01;1;80;0;2;8;0;3;
202100013299;177 969;B01;2;1;0;2;8;21;5;
202100013304;177 962;A01;1;1;0;0;1;1;5;
202100013305;177 960;A01;1;1;0;2;7;1;5;
202100013309;177 955;A01;2;1;1;0;2;13;5;
202100013316;177 944;B01;3;1;0;2;8;19;5;
202100013331;177 918;B01;-1;1;0;0;0;0;5;
202100013339;177 906;B01;1;1;1;0;1;1;5;
202100013354;177 881;B01;3;1;0;2;7;1;5;
202100013356;177 877;B01;1;1;0;2;1;1;5;
202100013386;177 802;B01;2;1;0;2;3;18;5;
202100013387;177 801;A01;2;1;0;1;1;1;5;
202100013390;177 796;B01;1;1;0;2;1;1;5;
202100013405;177 771;B01;3;1;0;2;1;9;5;
202100013410;177 762;B01;1;1;0;2;8;19;5;
202100013414;177 754;A01;0;1;0;2;1;1;5;
202100013416;177 751;A01;2;1;1;0;1;1;5;
202100013419;177 745;B01;1;1;0;2;1;1;5;
202100013430;177 726;B01;2;1;0;2;1;1;5;
202100013430;177 727;A01;1;1;0;2;1;1;5;
202100013452;177 694;A01;0;1;0;0;4;1;5;
202100013475;177 650;B01;1;1;0;2;1;0;5;
202100013476;177 648;B01;2;1;0;2;8;15;0;
202100013476;177 649;C01;2;1;0;2;8;15;0;
202100013482;177 636;B01;2;80;0;2;7;1;3;
202100013484;177 632;B01;1;1;0;2;1;2;5;
202100013484;177 633;Z01;1;1;0;2;0;10;5;
202100013493;177 618;B01;3;1;0;2;6;2;0;
202100013500;177 599;B01;2;1;0;2;8;2;0;
202100013502;177 596;B01;2;1;0;2;0;25;5;
202100013515;177 571;B01;3;1;0;2;8;1;5;
202100013517;177 566;B01;1;80;0;2;2;25;3;
202100013524;177 554;A01;1;1;0;2;1;26;5;
202100013526;177 549;B01;1;1;1;0;1;1;5;
202100013537;177 527;A01;2;80;0;2;1;1;3;
202100013538;177 526;A01;1;80;0;2;8;1;3;
202100013553;177 494;A01;2;1;0;0;0;9;5;
202100013554;177 493;A01;1;1;0;2;1;17;5;
202100013572;177 461;A01;0;1;0;2;2;15;0;
202100013585;177 434;A01;1;1;0;2;7;1;5;
202100013589;177 427;B01;3;1;0;2;1;1;5;
202100013590;177 426;A01;1;1;0;1;9;21;5;
202100013606;177 398;B01;3;1;0;2;3;16;5;
202100013612;177 387;A01;3;1;0;0;0;1;5;
202100013618;177 376;B01;1;1;0;2;3;1;5;
202100013619;177 373;B01;1;1;0;2;4;1;5;
202100013626;177 359;B01;1;80;0;2;1;1;3;
202100013629;177 354;A01;3;1;1;0;1;1;5;
202100013635;177 344;B01;3;1;0;2;0;0;5;
202100013638;177 338;B01;2;1;0;2;7;1;5;
202100013640;177 334;A01;1;1;0;2;1;1;5;
202100013641;177 332;B01;1;80;0;2;1;1;3;
202100013644;177 324;B01;1;1;0;2;1;5;0;
202100013654;177 304;C01;0;1;0;2;0;0;0;
202100013654;177 306;B01;0;1;0;2;4;25;0;
202100013655;177 303;B01;3;1;0;9;8;19;0;
202100013656;177 301;B01;2;1;0;2;1;16;0;
202100013668;177 279;Z01;3;1;0;2;8;26;5;
202100013680;177 249;B01;1;1;0;2;1;1;5;
202100013692;177 227;A01;2;1;0;1;1;1;5;
202100013693;177 225;B01;2;1;0;2;1;16;5;
202100013694;177 223;B01;1;1;0;2;7;1;5;
202100013700;177 214;B01;1;1;0;2;9;0;5;
202100013702;177 212;A01;3;1;15;0;0;0;5;
202100013712;177 194;B01;3;1;0;2;1;2;5;
202100013713;177 191;B01;1;1;0;2;3;26;0;
202100013722;177 179;B01;1;1;0;2;3;0;5;
202100013724;177 174;B01;1;1;1;0;0;1;0;
202100013727;177 169;B01;1;1;0;2;4;15;5;
202100013733;177 159;A01;2;1;0;0;0;5;5;
202100013750;177 130;B01;1;1;0;2;1;1;5;
202100013752;177 128;A01;0;1;0;0;1;0;5;
202100013755;177 123;B01;1;80;0;2;8;13;3;
202100013762;177 111;B01;1;1;0;2;4;1;5;
202100013764;177 107;B01;2;80;0;0;4;2;3;
202100013771;177 095;A01;1;1;0;2;0;10;5;
202100013782;177 074;B01;2;1;0;2;7;1;5;
202100013809;177 012;B01;1;1;0;2;8;1;5;
202100013810;177 010;B01;2;1;0;2;8;19;5;
202100013833;176 966;B01;0;1;0;2;7;1;5;
202100013837;176 961;A01;3;1;0;2;1;16;5;
202100013841;176 952;B01;3;1;0;2;8;19;5;
202100013842;176 951;A01;3;1;0;2;1;0;5;
202100013857;176 928;B01;1;1;0;2;1;1;5;
202100013861;176 922;A01;2;1;0;2;0;19;5;
202100013872;176 905;B01;3;1;0;2;1;1;5;
202100013877;176 895;B01;0;1;0;2;1;15;5;
202100013890;176 869;B01;2;1;0;2;8;21;5;
202100013892;176 866;A01;1;1;12;0;1;1;5;
202100013935;176 792;B01;1;1;0;2;1;1;5;
202100013939;176 787;A01;2;1;0;2;8;2;5;
202100013980;176 711;B01;2;1;0;2;1;1;5;
202100013982;176 707;B01;1;1;0;2;1;1;5;
202100013995;176 687;B01;1;80;0;2;1;2;3;
202100014003;176 674;B01;3;1;0;2;2;9;5;
202100014004;176 672;B01;1;1;0;2;1;0;5;
202100014013;176 653;B01;2;1;0;2;1;1;5;
202100014019;176 641;B01;2;1;0;2;4;19;5;
202100014042;176 599;B01;0;1;0;0;0;0;5;
202100014050;176 584;A01;3;1;0;0;0;0;5;
202100014054;176 572;A01;3;1;0;2;8;1;5;
202100014070;176 549;A01;2;1;0;0;0;1;6;
202100014071;176 546;C01;3;1;0;0;0;1;5;
202100014071;176 547;B01;3;1;0;0;8;1;5;
202100014086;176 522;B01;1;1;0;2;4;1;5;
202100014121;176 446;B01;2;1;0;2;1;0;5;
202100014124;176 441;B01;1;1;0;2;1;19;5;
202100014128;176 434;B01;2;1;0;2;8;19;5;
202100014159;176 384;B01;3;1;0;2;4;15;5;
202100014168;176 369;B01;1;1;0;2;8;1;5;
202100014198;176 313;A01;1;1;0;2;8;15;5;
202100014204;176 302;B01;1;1;0;2;1;1;5;
202100014218;176 280;B01;1;1;0;2;4;15;5;
202100014237;176 239;B01;1;1;0;2;1;1;6;
202100014304;176 133;B01;3;1;0;2;0;26;5;
202100014309;176 128;B01;2;1;0;2;7;1;5;
202100014311;176 123;B01;2;1;0;2;0;21;0;
202100014312;176 120;C01;3;80;0;2;1;0;3;
202100014315;176 116;A01;3;1;0;2;1;0;0;
202100014345;176 066;B01;1;1;0;2;8;3;0;
202100014348;176 060;B01;2;1;0;2;1;1;5;
202100014359;176 044;B01;3;1;0;2;8;15;5;
202100014370;176 026;A01;1;1;0;0;1;7;5;
202100014374;176 017;B01;3;1;0;2;4;2;5;
202100014374;176 018;A01;3;1;0;2;1;18;5;
202100014375;176 014;A01;0;1;0;2;1;19;5;
202100014378;176 010;B01;3;1;0;2;4;1;5;
202100014387;175 995;A01;1;1;0;2;1;19;5;
202100014403;175 960;A01;1;1;14;0;8;17;5;
202100014405;175 957;H01;2;1;0;2;8;1;5;
202100014407;175 946;B01;2;1;0;2;1;1;5;
202100014408;175 944;B01;1;1;0;2;1;1;5;
202100014415;175 933;A01;1;1;0;2;4;18;5;
202100014444;175 880;B01;1;80;0;2;4;1;3;
202100014450;175 871;B01;1;1;1;0;0;1;5;
202100014456;175 861;B01;1;1;0;2;1;1;5;
202100014463;175 851;B01;1;1;0;2;0;2;5;
202100014472;175 835;B01;1;1;0;2;6;26;6;
202100014492;175 807;B01;3;1;0;2;1;1;5;
202100014513;175 769;B01;3;1;0;2;1;1;5;
202100014552;175 692;A01;2;1;0;2;1;13;5;
202100014554;175 688;B01;3;1;0;2;1;19;5;
202100014572;175 660;A01;3;1;0;2;1;17;0;
202100014578;175 651;B01;3;1;0;2;2;5;5;
202100014581;175 645;A01;3;1;8;0;1;26;5;
202100014583;175 642;B01;2;1;0;2;0;1;5;
202100014585;175 639;B01;1;1;0;2;0;2;5;
202100014592;175 629;B01;3;1;0;2;3;13;5;
202100014595;175 624;B01;2;1;0;2;1;1;5;
202100014600;175 617;B01;2;1;0;2;1;2;5;
202100014604;175 612;B01;1;1;0;2;1;1;5;
202100014608;175 603;A01;3;1;0;2;8;1;5;
202100014609;175 600;B01;1;80;0;2;4;15;3;
202100014630;175 563;B01;1;1;0;2;1;1;5;
202100014632;175 560;A01;1;80;0;1;1;5;3;
202100014635;175 554;B01;2;1;0;2;1;1;5;
202100014636;175 552;B01;1;80;0;2;8;19;3;
202100014638;175 548;B01;1;1;0;2;4;1;5;
202100014640;175 545;A01;2;1;0;2;1;1;5;
202100014641;175 543;B01;1;1;0;2;3;7;5;
202100014649;175 528;B01;2;1;0;2;0;0;6;
202100014652;175 522;B01;1;80;0;2;1;0;3;
202100014664;175 505;B01;2;1;0;2;1;1;5;
202100014666;175 500;B01;1;1;1;0;7;17;5;
202100014674;175 483;B01;3;1;0;2;1;19;6;
202100014682;175 469;B01;2;1;0;2;0;1;5;
202100014710;175 419;B01;1;1;0;2;4;1;5;
202100014766;175 319;A01;2;1;0;2;7;19;5;
202100014770;175 314;B01;1;1;0;2;7;1;5;
202100014772;175 311;B01;1;1;0;2;4;2;5;
202100014773;175 308;A01;1;1;0;2;4;9;5;
202100014792;175 270;A01;3;1;0;2;1;19;0;
202100014796;175 262;A01;1;1;0;2;1;19;5;
202100014801;175 248;A01;2;1;0;2;1;2;5;
202100014802;175 247;B01;2;1;0;2;1;5;5;
202100014812;175 227;B01;1;1;0;2;1;2;5;
202100014831;175 196;B01;1;1;0;2;0;19;5;
202100014833;175 193;A01;2;1;0;2;1;21;5;
202100014843;175 178;A01;1;1;0;4;1;19;5;
202100014844;175 176;B01;2;1;0;2;8;1;5;
202100014845;175 174;B01;2;1;0;2;1;1;0;
202100014852;175 163;A01;2;1;14;0;1;26;5;
202100014859;175 151;B01;1;1;0;2;3;0;5;
202100014870;175 133;B01;1;1;0;2;1;2;5;
202100014877;175 120;B01;3;1;0;2;8;15;5;
202100014882;175 113;B01;1;1;0;0;4;2;5;
202100014893;175 091;A01;2;1;0;2;3;1;5;
202100014912;175 060;B01;1;1;0;0;8;1;5;
202100014914;175 055;B01;2;1;0;0;6;1;5;
202100014982;174 926;B01;3;1;0;2;0;0;5;
202100014983;174 923;B01;2;1;0;2;1;1;5;
202100014999;174 892;B01;3;1;0;2;0;1;5;
202100015022;174 854;B01;2;1;0;2;1;1;0;
202100015029;174 845;B01;1;1;0;2;7;19;5;
202100015044;174 819;B01;1;1;0;2;8;1;5;
202100015056;174 794;A01;3;1;0;0;2;1;5;
202100015064;174 780;B01;0;1;0;2;1;1;5;
202100015066;174 776;B01;1;1;0;2;1;1;5;
202100015067;174 775;B01;3;1;0;2;8;19;5;
202100015091;174 730;B01;1;1;0;2;1;1;5;
202100015092;174 729;B01;1;1;0;2;1;2;5;
202100015095;174 723;A01;1;1;0;2;3;21;5;
202100015096;174 722;B01;2;1;0;2;1;1;5;
202100015107;174 703;B01;0;80;0;2;8;1;3;
202100015112;174 695;B01;1;1;0;2;7;16;5;
202100015112;174 696;A01;1;1;0;2;7;1;5;
202100015114;174 692;B01;2;1;0;2;2;1;5;
202100015115;174 690;A01;1;1;0;1;7;1;5;
202100015119;174 684;A01;1;1;0;0;0;1;5;
202100015133;174 661;Y01;1;1;0;2;7;1;5;
202100015138;174 651;A01;1;1;0;0;8;14;5;
202100015142;174 645;B01;1;1;1;0;1;1;5;
202100015183;174 571;A01;1;1;0;0;0;2;5;
202100015187;174 564;B01;1;1;0;0;4;0;5;
202100015224;174 488;B01;2;1;0;2;1;17;5;
202100015224;174 489;A01;2;1;0;2;4;13;5;
202100015226;174 485;A01;2;1;0;1;1;1;5;
202100015227;174 484;A01;1;1;0;0;1;16;5;
202100015231;174 478;A01;1;1;0;0;0;1;5;
202100015234;174 473;B01;1;1;0;2;1;1;5;
202100015237;174 468;A01;1;1;0;2;8;19;5;
202100015238;174 467;B01;2;1;0;-1;2;26;5;
202100015263;174 429;A01;2;1;1;0;1;2;5;
202100015288;174 384;A01;1;1;0;0;4;2;5;
202100015289;174 382;B01;1;1;0;2;4;1;5;
202100015316;174 330;B01;2;1;0;2;7;1;5;
202100015317;174 327;B01;1;1;0;2;3;2;5;
202100015356;174 264;A01;2;1;0;2;1;1;5;
202100015369;174 235;B01;1;1;1;0;1;1;0;
202100015390;174 197;B01;1;1;0;2;4;1;5;
202100015395;174 188;A01;3;1;0;0;0;0;5;
202100015397;174 185;B01;0;1;0;2;3;1;5;
202100015430;174 126;A01;3;1;0;0;0;17;5;
202100015431;174 124;B01;2;1;0;2;7;1;5;
202100015471;174 047;A01;3;1;0;0;0;26;0;
202100015472;174 045;B01;3;1;0;2;7;19;5;
202100015491;174 012;B01;3;80;0;2;4;2;3;
202100015508;173 982;B01;1;1;0;2;4;2;5;
202100015526;173 934;A01;3;1;0;2;5;9;5;
202100015554;173 882;B01;2;1;1;0;1;1;5;
202100015557;173 876;A01;1;1;0;2;1;1;5;
202100015558;173 871;B01;0;1;0;2;1;21;5;
202100015567;173 860;B01;1;1;0;2;1;1;5;
202100015575;173 844;B01;3;1;0;2;4;15;5;
202100015601;173 797;B01;1;1;0;2;1;1;0;
202100015604;173 789;B01;3;1;0;2;7;1;5;
202100015605;173 788;B01;0;1;0;2;8;0;5;
202100015606;173 784;C01;-1;1;0;0;4;1;5;
202100015629;173 734;B01;1;1;0;2;8;2;5;
202100015630;173 733;A01;2;1;0;1;9;13;0;
202100015633;173 729;B01;1;1;0;2;7;26;5;
202100015647;173 702;A01;1;1;12;0;1;0;5;
202100015651;173 694;B01;1;1;0;2;8;2;5;
202100015654;173 688;Z01;2;1;0;2;3;2;5;
202100015656;173 683;B01;1;1;0;2;7;9;0;
202100015671;173 657;B01;1;1;0;2;8;2;5;
202100015676;173 647;A01;2;1;13;0;1;26;0;
202100015687;173 628;B01;2;1;0;2;8;19;5;
202100015704;173 602;B01;1;1;0;2;8;19;5;
202100015713;173 579;A01;1;80;0;2;4;2;3;
202100015744;173 525;A01;1;1;0;0;3;1;5;
202100015746;173 523;A01;3;1;0;2;8;1;5;
202100015749;173 518;A01;1;1;2;1;4;25;5;
202100015753;173 512;B01;1;80;0;2;8;1;3;
202100015758;173 502;B01;2;1;0;2;1;15;5;
202100015769;173 482;B01;3;1;0;2;1;1;0;
202100015774;173 474;B01;2;80;0;2;8;1;3;
202100015775;173 471;A01;0;1;0;2;8;13;5;
202100015784;173 458;B01;1;1;0;2;1;18;5;
202100015794;173 438;A01;3;1;0;2;4;2;5;
202100015822;173 391;B01;2;1;0;2;1;0;5;
202100015834;173 371;B01;3;80;0;2;1;13;3;
202100015835;173 368;B01;0;1;0;2;1;1;5;
202100015865;173 318;B01;2;80;0;2;2;19;3;
202100015877;173 297;A01;3;1;0;2;7;19;5;
202100015894;173 261;B01;2;1;0;2;5;1;5;
202100015899;173 251;A01;1;1;12;0;1;1;5;
202100015907;173 238;A01;1;1;0;2;1;26;5;
202100015912;173 225;A01;1;1;0;2;1;19;5;
202100015913;173 223;B01;2;1;0;2;1;1;5;
202100015915;173 218;A01;1;1;0;2;1;5;5;
202100015924;173 201;B01;3;80;0;2;7;19;3;
202100015929;173 190;B01;3;1;0;2;0;0;0;
202100015929;173 191;A01;3;1;0;2;7;9;0;
202100015936;173 179;B01;2;1;1;0;1;1;5;
202100015942;173 167;B01;2;1;1;0;8;1;5;
202100015950;173 156;A01;2;1;0;0;1;1;5;
202100015960;173 140;B01;2;1;0;2;8;14;5;
202100015971;173 119;B01;2;1;0;2;4;1;5;
202100015974;173 114;B01;2;1;0;2;1;1;5;
202100015983;173 099;B01;1;1;0;2;2;1;6;
202100015984;173 097;B01;2;1;12;2;4;2;5;
202100016010;173 044;A01;0;80;0;9;6;15;3;
202100016013;173 039;B01;0;1;0;2;3;1;5;
202100016025;173 015;B01;2;1;0;0;4;0;5;
202100016072;172 922;B01;0;1;0;1;0;0;-1;
202100016073;172 921;A01;2;1;0;2;1;15;0;
202100016078;172 907;A01;1;1;0;2;1;16;5;
202100016102;172 858;A01;1;1;0;9;3;13;5;
202100016102;172 859;B01;2;1;0;9;3;0;5;
202100016117;172 835;A01;1;1;0;2;1;2;5;
202100016122;172 823;A01;1;1;0;2;3;9;5;
202100016129;172 811;B01;2;1;0;2;7;19;5;
202100016130;172 810;B01;2;1;0;2;3;9;5;
202100016131;172 808;B01;1;1;0;2;1;1;5;
202100016138;172 795;B01;1;1;0;2;8;1;5;
202100016143;172 787;B01;2;1;0;2;1;19;5;
202100016160;172 755;B01;2;1;0;0;0;0;0;
202100016164;172 748;B01;0;1;0;0;0;1;5;
202100016167;172 742;B01;1;1;0;0;8;1;5;
202100016173;172 732;B01;3;1;0;2;2;15;5;
202100016174;172 729;B01;2;1;0;0;4;1;5;
202100016184;172 709;B01;2;1;0;2;1;16;5;
202100016187;172 705;B01;1;1;0;2;8;1;0;
202100016189;172 701;A01;3;1;6;2;0;25;5;
202100016194;172 692;A01;0;1;0;0;0;26;5;
202100016210;172 662;A01;1;1;0;2;1;2;5;
202100016222;172 640;A01;0;1;0;2;3;19;5;
202100016226;172 632;B01;3;1;0;2;5;1;5;
202100016228;172 628;A01;2;1;0;0;1;1;5;
202100016232;172 623;B01;3;1;0;2;1;1;5;
202100016239;172 605;B01;2;1;0;2;1;1;5;
202100016242;172 600;A01;1;1;0;1;1;1;5;
202100016243;172 598;B01;1;1;0;2;2;1;5;
202100016245;172 594;B01;2;1;0;2;1;1;5;
202100016246;172 593;A01;1;1;0;2;7;1;5;
202100016247;172 591;A01;1;1;0;2;1;1;5;
202100016252;172 580;B01;3;80;0;2;8;1;3;
202100016254;172 577;B01;1;1;0;2;1;1;5;
202100016268;172 556;Z01;3;1;0;2;0;0;0;
202100016270;172 553;B01;3;1;0;2;8;11;5;
202100016271;172 550;DA01;1;1;0;2;2;14;5;
202100016275;172 543;A01;1;80;12;0;1;16;3;
202100016288;172 518;B01;1;1;0;2;1;15;5;
202100016294;172 510;A01;3;1;0;2;1;19;5;
202100016311;172 480;A01;2;1;5;0;1;2;5;
202100016333;172 445;B01;2;1;0;2;5;1;5;
202100016347;172 414;A01;1;1;0;2;1;2;5;
202100016352;172 405;A01;1;1;0;2;1;9;5;
202100016357;172 396;A01;3;1;6;0;8;13;5;
202100016359;172 393;B01;1;1;0;2;4;19;5;
202100016360;172 390;A01;1;1;0;2;8;14;5;
202100016361;172 388;B01;2;80;0;2;4;2;3;
202100016361;172 389;A01;2;1;0;2;7;2;5;
202100016362;172 386;B01;1;1;0;2;1;1;5;
202100016365;172 381;A01;1;1;8;0;1;1;5;
202100016379;172 356;A01;1;1;1;1;2;1;5;
202100016389;172 337;Y01;3;1;0;2;1;19;5;
202100016391;172 334;A01;0;1;0;0;0;1;5;
202100016417;172 293;A01;1;80;0;1;1;1;3;
202100016418;172 292;B01;1;1;0;2;0;11;6;
202100016421;172 287;B01;2;1;0;2;4;9;5;
202100016456;172 213;B01;2;1;0;2;8;19;5;
202100016457;172 210;B01;3;1;0;2;8;0;5;
202100016467;172 192;A01;1;1;0;2;5;2;5;
202100016468;172 191;B01;2;1;0;2;1;25;5;
202100016474;172 181;A01;3;80;0;2;1;19;3;
202100016490;172 151;B01;1;1;0;2;2;2;5;
202100016494;172 145;B01;3;1;0;2;7;26;5;
202100016497;172 139;A01;1;1;0;2;5;19;5;
202100016502;172 133;A01;1;1;0;1;1;1;5;
202100016503;172 132;C01;1;1;0;2;1;19;5;
202100016505;172 127;B01;2;1;0;2;3;1;5;
202100016510;172 115;A01;3;80;16;2;7;19;3;
202100016516;172 104;B01;1;1;0;2;1;1;5;
202100016528;172 086;B01;3;1;0;9;1;1;6;
202100016538;172 067;B01;2;1;0;2;1;1;5;
202100016540;172 063;B01;1;1;0;2;1;1;5;
202100016541;172 062;B01;2;80;0;2;1;1;3;
202100016553;172 041;A01;1;1;0;1;1;1;5;
202100016557;172 036;A01;2;1;0;2;1;1;5;
202100016561;172 029;A01;1;1;0;1;1;1;5;
202100016572;172 010;A01;2;1;0;0;0;1;5;
202100016580;171 995;B01;3;1;0;2;1;1;5;
202100016620;171 926;B01;3;1;0;2;1;2;5;
202100016636;171 895;B01;1;1;0;2;2;19;0;
202100016642;171 885;B01;1;1;0;2;1;9;5;
202100016643;171 882;A01;2;80;0;2;1;15;3;
202100016656;171 857;A01;3;1;0;2;4;26;6;
202100016676;171 820;A01;1;1;0;1;2;1;5;
202100016700;171 775;A01;1;1;0;2;7;15;5;
202100016723;171 733;B01;2;1;0;0;3;2;5;
202100016725;171 729;A01;1;1;0;2;1;1;5;
202100016729;171 721;B01;1;1;0;2;1;1;5;
202100016743;171 694;B01;1;1;0;2;7;1;5;
202100016747;171 687;B01;2;1;0;2;8;26;5;
202100016779;171 621;B01;2;1;0;9;1;5;5;
202100016781;171 616;C01;1;1;0;2;4;1;5;
202100016802;171 582;B01;1;1;0;2;4;26;5;
202100016813;171 565;B01;3;1;0;2;8;19;5;
202100016815;171 561;A01;3;1;0;2;1;26;5;
202100016834;171 529;Y01;1;1;0;2;3;1;5;
202100016864;171 475;B01;1;1;0;2;8;13;5;
202100016866;171 473;B01;2;1;0;2;1;19;5;