Num_Acc;id_vehicule;num_veh;senc;catv;obs;obsm;choc;manv;motor;occutc
202100021055;164 023;A01;1;1;0;2;1;1;5;
202100021064;164 007;B01;0;1;0;-1;-1;1;-1;
202100021066;164 004;A01;2;80;0;2;8;1;3;
202100021072;163 993;A01;3;80;0;2;4;16;3;
202100021085;163 967;A01;1;1;0;2;1;2;5;
202100021087;163 962;B01;1;1;0;2;2;1;5;
202100021090;163 956;B01;1;1;0;2;1;1;5;
202100021091;163 955;A01;3;1;0;1;1;16;5;
202100021092;163 954;A01;1;1;0;2;7;1;5;
202100021095;163 948;A01;1;1;0;2;5;1;5;
202100021096;163 947;A01;1;1;0;1;1;7;5;
202100021098;163 944;B01;2;80;0;2;1;1;3;
202100021100;163 940;B01;1;1;0;2;0;1;5;
202100021102;163 936;B01;1;1;0;2;8;1;5;
202100021121;163 903;A01;1;1;0;2;1;1;5;
202100021129;163 889;A01;3;1;0;2;8;19;5;
202100021183;163 800;A01;1;80;10;0;3;16;3;
202100021209;163 748;B01;0;1;1;0;1;1;0;
202100021223;163 724;A01;1;1;0;0;0;1;5;
202100021240;163 691;B01;1;1;0;2;6;2;5;
202100021241;163 690;B01;3;1;0;2;3;19;5;
202100021242;163 687;B01;2;1;0;2;1;1;5;
202100021245;163 683;A01;1;1;0;0;0;1;5;
202100021249;163 676;B01;3;1;0;2;1;1;5;
202100021261;163 655;B01;1;1;0;2;2;9;5;
202100021277;163 622;A01;2;1;0;2;8;19;5;
202100021280;163 617;B01;1;1;0;2;1;1;5;
202100021280;163 618;A01;2;1;0;2;1;1;5;
202100021292;163 596;B01;2;80;0;2;1;7;3;
202100021295;163 589;B01;2;1;0;2;6;1;5;
202100021298;163 584;A01;1;1;0;2;7;15;5;
202100021299;163 582;B01;1;1;0;2;1;17;5;
202100021301;163 579;A01;3;80;0;0;0;1;3;
202100021320;163 544;B01;1;1;0;2;8;1;0;
202100021331;163 524;A01;2;1;0;2;1;19;5;
202100021340;163 508;A01;2;1;0;2;8;2;5;
202100021346;163 498;A01;3;1;0;2;1;1;5;
202100021350;163 491;A01;2;1;0;0;4;1;5;
202100021364;163 464;B01;3;1;0;2;0;1;5;
202100021366;163 461;B01;1;1;0;2;3;1;5;
202100021378;163 432;B01;1;1;0;2;4;2;5;
202100021378;163 433;C01;1;1;0;0;0;2;5;
202100021386;163 418;B01;2;1;0;0;3;1;5;
202100021413;163 376;B01;1;1;0;2;1;9;0;
202100021422;163 362;A01;1;80;0;2;1;1;3;
202100021431;163 337;A01;3;1;0;2;1;2;5;
202100021433;163 334;V01;1;1;0;2;8;1;5;
202100021435;163 331;Z01;1;1;0;1;1;25;5;
202100021438;163 323;B01;1;80;0;2;8;1;3;
202100021440;163 320;B01;3;1;0;2;8;1;5;
202100021443;163 316;BA01;2;1;0;1;1;26;5;
202100021444;163 315;B01;3;1;0;2;8;0;5;
202100021447;163 309;B01;1;1;0;2;4;15;5;
202100021454;163 296;B01;0;1;0;0;0;0;5;
202100021457;163 290;B01;3;1;0;2;0;2;5;
202100021459;163 286;B01;0;1;0;2;8;1;6;
202100021461;163 281;B01;0;80;0;2;0;0;3;
202100021463;163 276;A01;3;1;0;2;0;0;5;
202100021471;163 263;B01;1;1;0;2;0;1;5;
202100021473;163 258;B01;1;1;0;2;8;1;5;
202100021477;163 251;A01;2;1;0;2;1;1;5;
202100021479;163 246;A01;2;1;0;2;8;17;5;
202100021479;163 247;B01;1;80;0;2;8;1;3;
202100021481;163 244;A01;1;1;0;0;1;1;5;
202100021486;163 234;B01;2;80;0;2;2;1;3;
202100021492;163 220;A01;2;1;0;2;7;15;5;
202100021495;163 214;B01;2;1;1;2;1;2;0;
202100021502;163 201;A01;0;1;0;1;1;9;5;
202100021503;163 200;A01;1;80;0;1;0;1;3;
202100021504;163 199;A01;1;80;1;0;7;26;3;
202100021507;163 195;B01;1;1;0;2;4;1;5;
202100021517;163 178;B01;2;80;0;2;7;1;3;
202100021522;163 170;B01;2;1;0;2;1;1;5;
202100021524;163 168;A01;0;1;0;2;2;19;5;
202100021572;163 076;A01;2;1;4;2;1;1;5;
202100021573;163 074;B01;1;1;0;2;1;15;5;
202100021578;163 062;B01;3;1;0;2;8;19;0;
202100021590;163 041;B01;2;1;0;2;1;1;5;
202100021595;163 031;A01;1;1;0;2;1;2;5;
202100021596;163 028;B01;3;1;0;2;1;1;0;
202100021610;163 005;B01;2;1;0;2;4;1;5;
202100021612;163 002;B01;1;1;0;2;7;1;5;
202100021613;163 000;A01;1;1;0;0;7;26;5;
202100021622;162 981;B01;2;1;0;2;8;15;5;
202100021634;162 956;B01;1;1;0;2;8;0;0;
202100021637;162 949;B01;3;1;0;2;8;19;0;
202100021670;162 897;B01;1;1;0;2;1;1;5;
202100021671;162 896;B01;1;1;0;2;1;1;5;
202100021685;162 871;A01;3;1;0;0;0;0;5;
202100021724;162 808;B01;3;80;0;2;1;19;3;
202100021756;162 739;A01;2;1;0;2;1;1;5;
202100021772;162 711;B01;1;1;0;2;1;1;5;
202100021801;162 651;B01;2;1;0;2;1;1;5;
202100021814;162 630;A01;3;1;8;0;1;1;0;
202100021823;162 616;Y01;1;1;0;0;1;1;5;
202100021829;162 607;A01;2;80;0;0;3;0;3;
202100021866;162 550;A01;1;1;0;2;1;15;5;
202100021876;162 528;B01;1;1;0;0;3;2;5;
202100021889;162 506;A01;2;80;0;2;1;13;3;
202100021909;162 466;B01;2;1;0;2;0;1;5;
202100021921;162 442;B01;1;1;0;2;4;1;5;
202100021922;162 440;A01;2;1;0;0;0;1;5;
202100021923;162 439;B01;1;1;0;2;1;15;5;
202100021925;162 434;B01;3;1;0;2;1;0;5;
202100021926;162 433;B01;1;1;0;2;1;14;5;
202100021935;162 416;B01;1;1;0;2;1;1;5;
202100021964;162 368;A01;2;1;0;2;3;13;5;
202100021970;162 358;B01;2;1;0;2;1;1;5;
202100021980;162 343;A01;0;1;0;0;0;1;5;
202100021986;162 332;B01;1;80;0;2;7;1;3;
202100021997;162 316;A01;1;1;0;0;0;0;5;
202100021998;162 315;B01;0;80;0;2;7;19;3;
202100022002;162 306;B01;2;1;0;0;4;1;5;
202100022011;162 291;B01;3;1;0;2;1;1;5;
202100022015;162 280;B01;1;1;0;2;1;14;5;
202100022025;162 259;B01;1;1;0;2;4;1;5;
202100022053;162 211;A01;3;1;0;2;0;0;5;
202100022071;162 176;B01;3;1;0;2;2;19;0;
202100022077;162 163;B01;1;1;0;2;7;1;0;
202100022087;162 144;B01;1;1;1;2;1;1;5;
202100022093;162 133;B01;0;1;0;0;0;0;0;
202100022106;162 109;B01;0;1;0;2;0;1;5;
202100022128;162 078;A01;2;1;0;0;6;1;6;
202100022131;162 073;A01;2;1;0;2;1;5;5;
202100022156;162 039;B01;1;1;0;2;8;1;5;
202100022165;162 025;B01;3;1;0;2;1;15;5;
202100022191;161 978;B01;1;1;0;2;3;19;5;
202100022195;161 973;B01;3;1;7;0;8;1;6;
202100022197;161 968;B01;0;1;0;0;3;1;0;
202100022217;161 932;B01;2;1;0;2;7;15;5;
202100022233;161 904;B01;2;1;0;2;0;1;5;
202100022242;161 885;A01;3;1;0;2;6;2;5;
202100022251;161 869;B01;1;1;0;2;8;1;5;
202100022253;161 864;A01;2;1;0;2;7;19;5;
202100022255;161 861;B01;3;1;0;2;1;1;5;
202100022263;161 845;A01;2;1;0;2;2;1;0;
202100022270;161 831;B01;0;1;0;2;8;1;5;
202100022287;161 795;A01;2;1;0;0;1;1;5;
202100022299;161 773;B01;1;1;0;2;1;1;5;
202100022303;161 768;A01;1;1;0;9;8;1;5;
202100022303;161 769;Z01;2;1;0;2;8;5;5;
202100022306;161 763;A01;3;1;0;2;1;15;0;
202100022315;161 747;B01;1;1;0;2;8;15;5;
202100022317;161 744;B01;1;1;0;2;8;19;5;
202100022321;161 737;B01;1;1;0;2;8;13;5;
202100022323;161 733;B01;3;1;0;0;2;26;5;
202100022330;161 722;B01;2;1;0;2;8;1;5;
202100022334;161 716;B01;2;1;0;0;7;2;5;
202100022350;161 695;B01;1;1;0;2;1;1;5;
202100022371;161 660;C01;2;1;0;0;4;2;5;
202100022371;161 662;B01;2;1;0;0;4;2;5;
202100022397;161 614;A01;2;1;0;2;2;17;5;
202100022416;161 571;B01;2;1;0;2;0;1;5;
202100022420;161 562;B01;2;1;0;2;7;1;5;
202100022439;161 529;B01;1;1;0;2;4;1;5;
202100022441;161 525;B01;1;1;1;0;1;1;5;
202100022451;161 508;A01;3;1;0;2;0;0;5;
202100022459;161 491;B01;2;1;0;0;0;0;5;
202100022465;161 479;A01;2;1;0;2;8;15;6;
202100022473;161 463;A01;2;1;0;1;3;1;5;
202100022476;161 458;B01;1;1;0;2;1;1;5;
202100022481;161 449;B01;1;1;1;0;0;0;0;
202100022486;161 437;B01;2;1;0;2;8;1;5;
202100022497;161 417;B01;1;1;0;2;3;1;5;
202100022517;161 381;A01;1;1;0;0;4;2;5;
202100022517;161 382;B01;1;1;0;2;1;2;5;
202100022520;161 376;B01;1;80;0;2;1;24;3;
202100022524;161 368;B01;2;1;0;2;3;1;5;
202100022527;161 365;B01;3;1;0;2;8;15;5;
202100022528;161 361;C01;2;1;0;2;1;1;5;
202100022532;161 354;A01;2;1;0;2;3;13;5;
202100022535;161 351;A01;3;1;0;2;1;19;5;
202100022547;161 326;C01;1;1;0;2;1;5;5;
202100022547;161 327;A01;1;1;0;2;1;13;5;
202100022547;161 328;B01;1;1;0;2;1;13;5;
202100022548;161 323;B01;2;1;0;2;1;9;5;
202100022556;161 310;A01;3;1;0;0;0;0;5;
202100022559;161 305;B01;1;1;0;2;0;2;5;
202100022592;161 232;C01;1;80;0;2;7;23;3;
202100022605;161 207;B01;0;1;0;2;2;1;0;
202100022611;161 198;A01;2;1;0;2;7;1;5;
202100022630;161 166;A01;3;1;0;0;8;15;5;
202100022649;161 136;A01;3;1;0;2;7;19;5;
202100022659;161 117;B01;1;1;0;2;1;1;5;
202100022663;161 110;Z01;2;1;0;1;1;25;5;
202100022689;161 055;B01;1;1;0;2;8;0;5;
202100022694;161 046;A01;2;1;12;0;1;1;5;
202100022701;161 023;B01;0;1;0;2;8;1;5;
202100022706;161 012;A01;3;1;0;2;1;19;5;
202100022709;161 007;B01;3;1;0;2;7;19;5;
202100022712;161 001;B01;2;1;0;2;7;1;5;
202100022719;160 989;B01;3;1;0;2;7;19;0;
202100022722;160 984;B01;1;1;0;2;1;1;5;
202100022730;160 970;A01;3;1;0;2;4;25;5;
202100022746;160 943;B01;3;80;0;2;1;19;3;
202100022749;160 936;B01;1;1;0;2;1;1;5;
202100022751;160 933;B01;2;1;0;2;2;17;5;
202100022760;160 917;B01;2;1;0;2;1;2;5;
202100022793;160 861;A01;0;1;0;2;1;1;5;
202100022798;160 853;B01;2;1;0;2;5;19;5;
202100022823;160 814;Z01;2;1;0;1;1;1;5;
202100022851;160 770;B01;2;1;0;0;4;1;5;
202100022857;160 760;A01;1;1;6;0;1;2;5;
202100022866;160 746;A01;1;1;0;2;6;1;5;
202100022874;160 729;A01;2;1;0;2;1;0;5;
202100022879;160 723;A01;3;1;0;2;3;5;5;
202100022892;160 700;B01;3;1;0;2;8;1;5;
202100022902;160 686;B01;3;1;0;2;7;1;5;
202100022908;160 675;B01;2;1;0;2;1;1;0;
202100022909;160 672;B01;1;1;0;2;1;1;5;
202100022909;160 673;C01;1;1;0;2;1;1;5;
202100022910;160 669;B01;1;80;0;2;1;1;3;
202100022915;160 661;A01;1;1;0;2;0;2;2;
202100022915;160 662;B01;1;1;0;2;0;1;5;
202100022928;160 640;B01;2;1;0;2;1;1;5;
202100022936;160 624;B01;2;1;0;0;4;0;5;
202100022957;160 588;A01;2;1;0;9;1;1;5;
202100022960;160 584;A01;1;1;0;2;7;17;5;
202100022963;160 580;B01;0;80;0;2;4;2;3;
202100022988;160 537;B01;1;1;0;0;4;1;5;
202100022988;160 538;A01;1;1;0;2;1;2;5;
202100023000;160 515;B01;2;1;0;2;0;1;5;
202100023004;160 508;B01;1;80;0;2;0;1;5;
202100023006;160 504;B01;1;1;0;2;1;21;5;
202100023019;160 483;A01;1;80;0;0;1;1;3;
202100023029;160 463;B01;1;1;0;2;1;1;5;
202100023033;160 455;B01;2;1;0;2;1;13;5;
202100023042;160 434;B01;3;1;0;2;1;2;5;
202100023049;160 421;A01;1;1;0;2;1;1;5;
202100023052;160 415;B01;1;1;0;2;4;0;5;
202100023057;160 406;A01;1;1;12;0;2;14;5;
202100023058;160 404;A01;1;1;0;2;1;13;5;
202100023071;160 380;A01;0;80;0;2;0;5;3;
202100023079;160 362;A01;3;1;0;2;8;19;0;
202100023092;160 337;B01;0;1;0;0;0;0;0;
202100023107;160 310;B01;1;1;0;2;4;1;5;
202100023121;160 286;B01;2;1;0;2;1;0;5;
202100023145;160 244;A01;1;1;0;1;1;1;5;
202100023159;160 222;A01;1;1;14;0;0;1;5;
202100023160;160 217;D01;2;1;0;2;1;1;5;
202100023160;160 218;C01;2;1;0;2;1;1;5;
202100023160;160 219;E01;2;1;0;2;1;1;5;
202100023160;160 220;B01;2;1;0;2;1;1;5;
202100023161;160 216;A01;1;1;0;0;1;0;5;
202100023162;160 214;A01;2;1;0;2;1;15;5;
202100023176;160 190;B01;2;1;0;2;3;15;5;
202100023241;160 075;A01;1;1;0;1;1;1;5;
202100023242;160 073;A01;1;1;0;2;7;1;5;
202100023251;160 053;B01;1;1;0;2;8;19;5;
202100023253;160 049;A01;1;80;0;2;8;1;3;
202100023261;160 037;B01;1;80;0;2;8;13;3;
202100023263;160 033;B01;1;1;0;2;4;1;0;
202100023270;160 022;A01;1;1;0;0;7;1;5;
202100023271;160 021;B01;1;80;0;2;1;19;3;
202100023276;160 011;B01;1;1;0;2;4;15;0;
202100023277;160 008;B01;1;1;0;2;2;2;5;
202100023279;160 005;B01;3;1;0;2;1;15;5;
202100023283;160 000;B01;1;1;0;2;3;2;0;
202100023288;159 990;B01;1;80;0;2;8;1;3;
202100023289;159 988;A01;0;80;0;2;1;1;3;
202100023297;159 974;B01;3;1;0;2;4;13;5;
202100023298;159 972;A01;3;1;0;2;4;15;5;
202100023304;159 960;A01;1;1;0;2;7;26;5;
202100023309;159 951;A01;3;1;0;2;1;16;5;
202100023312;159 945;B01;1;80;0;2;0;1;3;
202100023317;159 935;B01;2;1;0;2;3;15;5;
202100023324;159 924;B01;2;1;0;2;1;1;0;
202100023328;159 914;B01;3;1;0;2;8;0;5;
202100023348;159 879;B01;0;1;0;0;7;1;5;
202100023349;159 878;C01;1;1;0;2;1;1;5;
202100023361;159 858;B01;1;1;0;0;4;2;5;
202100023364;159 855;B01;2;1;0;2;8;5;5;
202100023379;159 828;D01;3;1;0;2;1;2;5;
202100023379;159 829;C01;3;1;0;2;1;2;5;
202100023379;159 830;B01;3;1;0;2;1;2;5;
202100023379;159 831;A01;3;1;0;0;4;15;5;
202100023386;159 816;A01;2;1;0;2;1;5;5;
202100023415;159 767;A01;2;1;0;2;1;19;5;
202100023428;159 745;A01;2;1;0;2;1;5;5;
202100023434;159 734;B01;3;1;0;2;7;1;5;
202100023439;159 724;B01;2;1;0;2;7;15;5;
202100023451;159 706;B01;1;80;0;2;8;1;3;
202100023452;159 703;A01;1;1;0;2;0;15;5;
202100023460;159 689;B01;2;1;0;2;0;13;5;
202100023460;159 690;A01;1;1;0;2;1;1;5;
202100023475;159 664;A01;1;1;0;2;1;1;5;
202100023481;159 654;A01;2;1;0;0;0;2;6;
202100023493;159 636;A01;3;1;0;2;8;15;5;
202100023500;159 626;B01;1;1;0;2;7;15;5;
202100023514;159 605;B01;2;1;0;2;6;2;5;
202100023516;159 601;B01;1;1;0;2;1;0;5;
202100023519;159 596;B01;3;1;0;2;2;19;5;
202100023564;159 518;B01;3;1;0;2;5;15;5;
202100023567;159 513;A01;3;1;0;2;7;15;5;
202100023586;159 478;A01;3;1;0;2;1;19;5;
202100023591;159 471;B01;2;1;0;2;1;1;0;
202100023607;159 439;A01;3;1;0;2;1;1;5;
202100023609;159 434;B01;3;1;0;2;8;19;5;
202100023612;159 419;B01;1;1;0;2;0;1;5;
202100023613;159 417;A01;1;1;0;2;2;9;5;
202100023613;159 418;B01;1;1;0;2;1;1;5;
202100023614;159 415;B01;1;1;0;2;7;1;5;
202100023615;159 414;B01;1;1;0;2;1;1;5;
202100023620;159 406;B01;2;1;0;2;3;26;5;
202100023627;159 391;A01;1;1;0;2;7;19;5;
202100023634;159 376;A01;1;1;0;2;0;5;5;
202100023638;159 371;A01;3;1;0;2;1;1;0;
202100023681;159 291;B01;3;80;0;2;1;2;3;
202100023688;159 275;A01;3;1;0;2;8;19;0;
202100023690;159 272;A01;3;1;0;2;8;9;5;
202100023692;159 267;B01;1;1;0;2;7;16;5;
202100023693;159 265;A01;2;80;0;2;3;11;3;
202100023699;159 256;B01;2;80;0;2;7;1;3;
202100023700;159 253;B01;3;1;0;2;3;9;5;
202100023701;159 252;B01;3;1;0;2;0;0;5;
202100023704;159 246;A01;3;1;0;2;1;1;5;
202100023705;159 244;A01;1;1;0;2;1;2;5;
202100023714;159 228;B01;2;1;0;2;1;7;5;
202100023718;159 221;B01;3;1;1;0;1;1;5;
202100023721;159 216;B01;2;1;0;2;1;1;5;
202100023725;159 209;B01;1;1;0;2;8;19;5;
202100023746;159 171;B01;2;1;0;2;2;1;5;
202100023757;159 152;A01;2;1;0;0;0;1;5;
202100023760;159 147;B01;2;1;0;2;1;1;5;
202100023760;159 148;C01;2;1;0;2;1;1;5;
202100023761;159 145;A01;1;1;0;2;7;1;5;
202100023764;159 139;A01;1;1;0;9;1;5;5;
202100023764;159 140;B01;2;1;0;9;1;1;5;
202100023770;159 128;A01;1;1;0;0;2;16;5;
202100023772;159 126;B01;1;1;0;2;4;2;5;
202100023777;159 119;A01;0;1;0;0;9;9;5;
202100023785;159 108;A01;2;1;6;0;3;2;5;
202100023791;159 099;B01;2;1;0;2;3;1;5;
202100023792;159 097;B01;1;1;0;0;0;17;5;
202100023797;159 083;C01;2;1;0;2;8;19;0;
202100023810;159 061;B01;3;1;0;2;1;0;5;
202100023819;159 050;B01;2;1;0;0;4;1;5;
202100023821;159 046;B01;3;1;0;2;8;26;5;
202100023846;159 003;B01;1;1;0;2;3;1;5;
202100023868;158 961;B01;2;1;0;2;0;1;5;
202100023873;158 955;B01;1;1;0;2;1;1;5;
202100023877;158 949;B01;2;1;0;2;7;1;5;
202100023887;158 936;A01;1;1;0;2;1;2;5;
202100023890;158 931;A01;0;80;0;2;3;19;3;
202100023901;158 911;B01;1;80;0;2;4;19;3;
202100023921;158 876;A01;3;1;0;1;1;1;5;
202100023944;158 834;A01;0;1;0;2;3;13;5;
202100023947;158 828;B01;3;1;0;2;7;17;5;
202100023947;158 829;A01;3;1;0;2;8;13;5;
202100023949;158 824;A01;2;1;12;0;0;1;5;
202100023950;158 823;A01;1;1;6;2;1;0;5;
202100023957;158 811;B01;3;80;0;2;8;1;3;
202100023973;158 787;A01;1;1;0;2;7;1;5;
202100023998;158 743;B01;1;1;0;2;4;13;5;
202100024000;158 739;B01;2;1;0;2;1;16;5;
202100024003;158 735;B01;3;1;0;2;1;26;5;
202100024006;158 730;A01;1;80;0;2;1;19;3;
202100024021;158 710;B01;1;1;0;2;6;1;5;
202100024024;158 704;B01;1;1;0;2;1;1;5;
202100024025;158 702;B01;1;1;0;2;1;5;5;
202100024032;158 688;A01;2;1;0;2;1;1;5;
202100024034;158 684;B01;2;1;0;2;8;19;5;
202100024035;158 682;B01;1;1;1;0;1;1;5;
202100024039;158 676;A01;2;1;0;0;0;1;0;
202100024041;158 672;B01;1;1;0;0;8;1;5;
202100024042;158 671;B01;1;1;0;2;1;0;5;
202100024044;158 667;B01;2;1;0;2;4;1;5;
202100024054;158 651;A01;2;1;0;5;2;1;5;
202100024088;158 603;B01;3;1;0;2;0;26;5;
202100024090;158 598;A01;1;1;0;2;1;2;5;
202100024127;158 532;A01;3;80;0;2;4;19;3;
202100024129;158 529;B01;0;1;0;0;0;0;2;
202100024150;158 491;A01;2;1;0;2;2;1;5;
202100024154;158 484;A01;1;1;0;0;1;16;5;
202100024177;158 447;B01;3;1;0;2;1;1;5;
202100024201;158 413;B01;0;1;7;2;8;19;5;
202100024211;158 399;B01;1;1;0;2;1;1;5;
202100024217;158 387;A01;2;1;0;2;1;1;5;
202100024238;158 343;A01;1;1;0;0;0;26;5;
202100024243;158 335;A01;2;1;0;0;8;1;5;
202100024257;158 310;B01;1;1;0;2;0;11;5;
202100024265;158 294;B01;3;1;0;2;1;18;5;
202100024276;158 278;A01;2;80;0;0;0;1;3;
202100024279;158 272;A01;2;1;0;2;1;1;5;
202100024281;158 268;B01;1;80;0;2;1;1;3;
202100024288;158 256;Z01;3;1;0;2;8;19;5;
202100024289;158 255;B01;3;1;0;2;3;1;5;
202100024297;158 241;B01;3;1;0;2;7;25;0;
202100024309;158 215;A01;1;1;1;0;1;1;5;
202100024318;158 200;A01;1;1;0;1;1;1;5;
202100024326;158 187;B01;3;1;0;2;1;1;0;
202100024328;158 184;Y01;0;1;4;0;1;1;5;
202100024349;158 155;A01;2;1;0;2;8;10;5;
202100024359;158 139;B01;2;1;0;0;2;15;5;
202100024365;158 127;A01;3;1;0;2;8;1;5;
202100024369;158 121;A01;3;1;0;0;0;0;5;
202100024386;158 093;A01;1;80;0;2;1;9;3;
202100024398;158 074;B01;3;1;0;2;1;1;5;
202100024401;158 068;B01;2;1;0;2;8;15;5;
202100024403;158 065;B01;2;1;0;2;7;1;5;
202100024423;158 027;B01;2;1;0;0;4;1;5;
202100024440;157 994;B01;2;80;0;0;4;1;3;
202100024454;157 965;A01;1;1;0;0;0;1;5;
202100024455;157 964;A01;1;1;0;2;2;1;5;
202100024456;157 961;A01;2;1;0;2;2;1;5;
202100024456;157 962;B01;2;1;0;2;4;1;5;
202100024464;157 942;B01;2;1;0;2;8;13;5;
202100024469;157 934;A01;3;80;0;0;1;1;3;
202100024495;157 880;B01;1;1;0;2;7;0;5;
202100024506;157 856;A01;0;1;0;2;1;5;5;
202100024552;157 773;B01;3;1;0;2;1;2;5;
202100024552;157 774;A01;3;1;0;2;4;2;5;
202100024553;157 772;B01;1;1;0;2;1;1;5;
202100024561;157 757;B01;0;1;0;2;1;19;0;
202100024568;157 746;B01;3;1;1;2;2;0;0;
202100024571;157 740;B01;1;1;0;2;8;15;5;
202100024587;157 710;C01;1;1;0;2;1;9;-1;
202100024592;157 701;A01;1;80;0;0;8;1;3;
202100024599;157 686;A01;1;1;0;1;1;17;5;
202100024602;157 680;B01;1;1;0;2;7;1;5;
202100024608;157 670;B01;1;1;0;2;7;0;0;
202100024623;157 645;A01;1;1;0;0;0;13;5;
202100024628;157 636;B01;1;1;0;2;1;1;5;
202100024630;157 631;B01;1;1;0;2;8;13;5;
202100024647;157 603;B01;1;1;0;2;1;1;0;
202100024658;157 579;B01;1;1;1;0;1;1;5;
202100024666;157 561;B01;2;1;0;2;1;0;5;
202100024668;157 556;A01;1;1;0;2;4;1;5;
202100024685;157 520;A01;1;1;12;0;4;2;5;
202100024685;157 521;B01;1;1;12;0;4;2;5;
202100024694;157 505;B01;3;1;0;2;1;1;5;
202100024711;157 473;B01;0;1;0;2;1;15;5;
202100024729;157 440;B01;1;1;0;2;7;26;6;
202100024740;157 423;A01;1;1;0;2;2;26;5;
202100024746;157 414;A01;3;1;0;1;1;5;5;
202100024752;157 404;A01;0;1;12;0;0;12;5;
202100024759;157 392;A01;3;1;0;2;0;26;5;
202100024772;157 371;A01;1;1;0;2;7;14;5;
202100024794;157 333;B01;2;1;0;2;8;1;5;
202100024804;157 317;B01;2;1;0;2;8;2;5;
202100024811;157 306;B01;1;1;13;2;1;17;5;
202100024818;157 295;A01;2;1;0;0;1;1;5;
202100024822;157 288;B01;1;1;0;2;1;1;5;
202100024826;157 281;A01;1;80;0;0;0;11;3;
202100024846;157 245;A01;1;1;0;1;1;1;5;
202100024849;157 240;B01;3;1;0;2;8;0;0;
202100024876;157 196;B01;1;1;0;2;8;1;0;
202100024879;157 190;B01;2;1;0;2;8;25;5;
202100024882;157 183;A01;-1;1;0;2;7;19;5;
202100024889;157 168;B01;3;1;0;2;0;0;0;
202100024893;157 163;A01;2;1;0;1;1;1;5;
202100024897;157 155;B01;1;1;0;2;0;19;5;
202100024898;157 153;A01;3;1;0;1;1;1;5;
202100024899;157 152;A01;1;1;0;0;0;1;5;
202100024901;157 149;A01;1;1;0;2;1;1;5;
202100024924;157 110;A01;2;1;0;0;0;1;5;
202100024924;157 111;B01;2;1;0;0;0;1;5;
202100024931;157 097;B01;3;1;0;2;1;15;5;
202100024939;157 084;A01;3;1;0;2;1;16;5;
202100024940;157 082;A01;1;1;0;0;0;1;5;
202100024941;157 081;A01;0;80;0;0;0;0;3;
202100024942;157 079;B01;3;1;0;2;1;15;5;
202100024953;157 061;A01;2;1;0;0;0;16;5;
202100024957;157 053;B01;2;1;0;2;1;1;5;
202100024963;157 041;B01;1;1;0;2;0;25;5;
202100024965;157 036;B01;2;1;0;0;4;1;5;
202100025005;156 958;B01;1;1;0;2;1;1;0;
202100025013;156 940;A01;2;1;0;1;1;17;5;
202100025015;156 938;B01;1;1;0;2;1;7;5;
202100025017;156 934;B01;2;1;0;2;0;1;5;
202100025026;156 918;A01;3;1;0;2;1;19;5;
202100025037;156 901;B01;1;1;0;2;1;1;5;
202100025046;156 886;B01;2;1;0;2;1;1;5;
202100025054;156 875;A01;1;1;0;5;2;0;5;
202100025055;156 872;C01;1;1;0;2;0;1;0;
202100025055;156 873;B01;1;1;0;2;8;1;0;
202100025059;156 863;B01;3;1;0;0;3;1;5;
202100025083;156 819;A01;3;1;0;2;5;1;5;
202100025126;156 743;A01;3;1;1;0;1;16;5;
202100025141;156 716;B01;2;1;0;2;7;1;5;
202100025143;156 713;A01;1;1;0;1;1;1;5;
202100025154;156 692;B01;3;1;0;2;3;1;0;
202100025154;156 693;A01;3;1;0;2;5;14;0;
202100025166;156 672;B01;2;1;0;2;8;1;5;
202100025185;156 643;B01;1;1;0;2;1;1;5;
202100025188;156 638;C01;3;1;0;0;0;1;5;
202100025188;156 639;B01;3;1;0;2;1;17;5;
202100025196;156 626;B01;2;1;0;2;1;1;5;
202100025197;156 623;B01;0;1;0;2;4;1;5;
202100025204;156 613;A01;2;1;0;2;4;2;5;
202100025218;156 586;B01;0;1;0;2;1;1;5;
202100025220;156 582;A01;2;1;12;2;4;1;5;
202100025250;156 522;A01;2;1;0;2;1;19;5;
202100025256;156 512;B01;3;1;0;2;8;1;5;
202100025260;156 502;B01;3;1;0;2;1;1;5;
202100025269;156 485;B01;3;1;0;2;0;1;5;
202100025282;156 464;A01;1;1;0;0;1;26;5;
202100025299;156 437;B01;1;1;0;2;8;1;5;
202100025299;156 438;C01;1;1;0;2;8;1;5;
202100025300;156 435;B01;3;1;0;2;1;26;5;
202100025307;156 423;A01;1;1;0;2;1;19;5;
202100025319;156 399;A01;1;1;0;2;1;1;5;
202100025321;156 397;Y01;3;1;0;2;1;19;5;
202100025327;156 383;A01;1;80;0;2;0;1;3;
202100025331;156 375;B01;2;1;0;2;1;1;5;
202100025335;156 368;B01;2;1;0;2;1;1;5;
202100025338;156 363;A01;2;1;0;1;1;21;5;
202100025361;156 326;B01;1;1;0;2;4;1;5;
202100025361;156 327;A01;1;1;0;2;1;2;5;
202100025391;156 272;B01;3;1;0;2;0;1;5;
202100025406;156 243;A01;3;1;0;0;0;26;6;
202100025409;156 239;B01;3;1;0;2;8;1;5;