Num_Acc;id_vehicule;num_veh;senc;catv;obs;obsm;choc;manv;motor;occutc
202100025436;156 196;B01;2;1;0;1;0;26;5;
202100025444;156 182;A01;1;1;0;2;1;1;5;
202100025444;156 183;B01;2;1;0;2;1;13;5;
202100025472;156 135;B01;3;1;0;2;8;5;5;
202100025475;156 131;B01;3;1;0;2;4;1;0;
202100025484;156 113;B01;1;1;0;2;8;1;5;
202100025506;156 075;A01;0;1;0;0;0;1;6;
202100025528;156 038;A01;3;80;0;2;2;1;3;
202100025532;156 033;A01;2;1;0;0;0;1;5;
202100025539;156 022;B01;0;1;8;0;4;19;5;
202100025546;156 010;B01;1;1;0;2;1;0;5;
202100025546;156 011;C01;1;1;0;2;1;1;5;
202100025551;156 003;A01;2;1;0;0;0;17;5;
202100025558;155 989;B01;2;1;0;0;1;19;5;
202100025570;155 966;A01;1;1;0;2;4;1;5;
202100025590;155 938;A01;2;1;0;0;7;1;5;
202100025597;155 927;B01;2;1;0;2;3;1;5;
202100025606;155 915;B01;3;1;0;2;8;19;0;
202100025614;155 899;B01;2;1;1;0;7;1;5;
202100025658;155 816;A01;2;1;0;0;0;1;5;
202100025659;155 814;A01;1;1;0;2;0;1;5;
202100025666;155 801;B01;2;1;0;2;7;1;5;
202100025683;155 777;A01;2;1;0;0;0;1;5;
202100025723;155 706;B01;2;1;0;2;1;1;5;
202100025743;155 668;B01;0;80;0;2;1;1;3;
202100025764;155 633;A01;0;1;0;2;1;1;5;
202100025765;155 632;A01;2;1;0;2;1;2;5;
202100025770;155 623;B01;2;1;0;2;1;1;5;
202100025773;155 619;A01;3;1;0;2;2;1;5;
202100025777;155 612;B01;2;1;1;0;7;1;0;
202100025809;155 558;B01;2;1;0;2;3;15;0;
202100025835;155 513;B01;1;80;0;2;2;19;3;
202100025861;155 459;B01;3;1;0;2;0;26;5;
202100025866;155 451;A01;3;1;0;2;1;19;5;
202100025875;155 435;B01;2;1;0;2;1;1;5;
202100025883;155 420;B01;-1;1;0;2;8;19;5;
202100025902;155 390;B01;1;80;0;2;8;15;5;
202100025914;155 366;B01;1;1;0;0;5;0;5;
202100025940;155 317;A01;3;1;12;0;0;1;5;
202100025942;155 314;B01;2;1;0;2;8;9;5;
202100025959;155 280;B01;3;1;0;2;0;0;5;
202100025971;155 257;A01;0;1;0;0;0;0;5;
202100025977;155 247;B01;3;1;0;2;0;0;5;
202100025982;155 237;B01;2;1;0;2;1;1;0;
202100025989;155 224;A01;2;1;0;2;1;19;5;
202100026003;155 201;B01;1;1;0;2;1;1;5;
202100026010;155 187;A01;0;1;15;0;1;1;5;
202100026011;155 186;A01;1;1;0;2;1;1;5;
202100026021;155 165;A01;2;1;0;2;1;1;5;
202100026025;155 160;A01;3;1;12;0;1;26;5;
202100026064;155 098;A01;2;1;0;2;7;1;5;
202100026066;155 093;B01;2;1;0;2;1;1;6;
202100026085;155 063;A01;3;1;0;0;0;1;5;
202100026088;155 058;A01;3;1;0;2;1;19;5;
202100026090;155 054;B01;0;1;0;2;1;5;0;
202100026127;154 990;B01;1;1;0;2;1;0;0;
202100026132;154 982;B01;1;1;0;2;3;0;5;
202100026133;154 980;A01;1;1;0;2;8;26;5;
202100026138;154 972;B01;1;1;0;2;2;2;0;
202100026152;154 947;B01;1;1;0;2;4;17;5;
202100026157;154 938;B01;2;1;1;0;3;1;5;
202100026163;154 931;A01;1;80;12;2;7;26;3;
202100026182;154 895;A01;1;1;0;9;1;1;5;
202100026189;154 880;B01;0;1;0;2;2;1;5;
202100026193;154 874;A01;2;1;8;0;1;1;5;
202100026196;154 870;B01;3;1;0;2;2;19;5;
202100026202;154 860;A01;2;1;0;0;0;26;5;
202100026208;154 849;B01;2;1;0;2;0;2;0;
202100026229;154 816;A01;0;1;0;2;3;13;5;
202100026259;154 762;B01;1;1;0;2;4;1;5;
202100026265;154 751;B01;1;1;0;2;6;1;5;
202100026272;154 737;B01;1;1;0;2;1;2;5;
202100026275;154 731;B01;1;80;0;2;8;1;3;
202100026279;154 724;B01;1;1;0;2;1;1;5;
202100026284;154 711;A01;2;80;0;0;0;16;3;
202100026296;154 689;B01;1;1;0;2;8;26;5;
202100026308;154 666;B01;1;1;0;2;3;1;5;
202100026310;154 663;B01;1;1;0;2;1;1;5;
202100026314;154 655;B01;2;1;0;2;1;26;5;
202100026322;154 643;B01;0;1;0;2;2;1;5;
202100026328;154 633;A01;2;80;0;0;1;1;3;
202100026331;154 628;B01;2;1;0;2;1;1;5;
202100026334;154 623;A01;2;1;0;2;0;1;0;
202100026355;154 586;B01;2;1;1;0;0;0;5;
202100026359;154 580;B01;2;1;0;0;2;21;5;
202100026374;154 552;B01;1;1;0;2;5;1;5;
202100026382;154 538;A01;1;1;0;2;8;9;0;
202100026383;154 535;B01;1;1;0;2;4;1;5;
202100026395;154 513;A01;2;1;0;0;8;1;5;
202100026397;154 509;A01;1;80;0;0;7;1;3;
202100026414;154 481;B01;0;1;0;4;1;26;5;
202100026431;154 452;B01;1;1;1;0;1;1;5;
202100026433;154 449;B01;2;1;0;2;1;26;0;
202100026437;154 443;A01;0;1;0;2;1;1;5;
202100026441;154 437;B01;2;1;0;2;7;1;5;
202100026442;154 435;B01;1;1;0;2;1;1;5;
202100026444;154 430;B01;1;1;0;2;1;1;5;
202100026455;154 413;A01;1;1;16;0;0;1;5;
202100026456;154 411;B01;1;1;0;2;1;1;5;
202100026471;154 382;B01;0;1;0;2;2;1;0;
202100026477;154 371;A01;3;1;0;2;2;1;5;
202100026478;154 366;B01;1;1;0;2;1;26;0;
202100026486;154 354;A01;3;1;12;0;0;26;5;
202100026502;154 328;B01;2;1;0;2;3;13;5;
202100026503;154 326;B01;2;1;0;2;1;1;5;
202100026519;154 297;B01;1;1;0;2;1;17;5;
202100026522;154 291;B01;2;1;0;2;2;15;5;
202100026533;154 266;C01;1;1;0;2;4;2;5;
202100026533;154 268;B01;1;1;0;2;4;2;5;
202100026535;154 262;B01;2;1;0;2;6;16;5;
202100026549;154 242;A01;1;1;13;0;1;0;5;
202100026550;154 240;A01;1;1;0;2;3;1;5;
202100026579;154 194;B01;0;1;0;2;3;1;5;
202100026588;154 178;A01;3;1;0;2;1;5;5;
202100026588;154 179;B01;3;1;0;2;1;16;5;
202100026614;154 134;B01;1;1;0;2;1;2;5;
202100026614;154 135;A01;2;1;0;2;1;2;5;
202100026628;154 111;B01;0;1;0;2;2;1;5;
202100026631;154 107;B01;3;1;0;2;0;19;5;
202100026648;154 075;A01;1;1;0;2;2;26;5;
202100026649;154 072;A01;3;1;0;2;4;19;5;
202100026656;154 058;B01;0;1;0;2;1;1;5;
202100026672;154 030;B01;1;80;0;2;4;1;3;
202100026684;154 011;B01;1;1;0;2;1;1;5;
202100026685;154 009;B01;1;1;0;2;1;1;5;
202100026686;154 007;A01;2;1;0;1;1;1;5;
202100026690;154 003;B01;3;1;0;2;1;1;5;
202100026694;153 996;B01;1;1;0;2;2;1;0;
202100026699;153 985;B01;1;1;1;0;8;1;0;
202100026723;153 950;B01;2;1;0;2;8;19;5;
202100026724;153 948;A01;2;80;0;0;0;1;3;
202100026751;153 905;B01;2;1;0;2;1;1;5;
202100026753;153 901;B01;1;1;0;2;1;1;5;
202100026753;153 902;A01;2;1;0;2;2;0;5;
202100026776;153 861;B01;2;1;0;2;6;1;5;
202100026788;153 840;Y01;2;1;0;2;5;26;5;
202100026794;153 829;A01;1;1;0;0;1;2;5;
202100026795;153 827;B01;1;1;0;2;3;1;5;
202100026799;153 821;A01;1;1;0;1;2;1;5;
202100026815;153 791;B01;2;1;0;2;7;1;5;
202100026818;153 783;B01;2;80;0;2;7;1;3;
202100026820;153 781;B01;1;1;0;2;1;2;5;
202100026835;153 751;A01;1;1;0;2;8;18;5;
202100026839;153 744;B01;2;1;0;0;0;0;0;
202100026854;153 720;A01;1;80;0;2;8;1;3;
202100026855;153 718;A01;2;80;0;0;1;1;3;
202100026858;153 712;A01;1;1;0;0;1;1;5;
202100026861;153 707;Y01;2;1;0;2;1;1;5;
202100026875;153 680;B01;1;1;0;2;1;26;5;
202100026903;153 622;A01;3;1;2;0;1;1;5;
202100026917;153 602;B01;3;1;0;2;0;0;5;
202100026941;153 556;A01;2;1;0;2;1;1;5;
202100026947;153 543;B01;1;1;0;2;8;15;5;
202100026948;153 541;Z01;0;1;0;2;1;5;5;
202100026948;153 542;A01;0;1;0;2;1;15;5;
202100026953;153 532;B01;1;80;0;2;1;1;3;
202100026976;153 492;A01;3;1;0;0;0;1;5;
202100026985;153 476;B01;1;80;0;2;6;1;3;
202100027004;153 448;A01;0;1;16;0;1;1;5;
202100027010;153 437;B01;3;80;0;2;8;19;5;
202100027014;153 430;B01;2;1;0;2;4;1;5;
202100027023;153 412;A01;1;1;0;0;0;1;5;
202100027044;153 375;B01;1;1;0;2;8;15;5;
202100027060;153 349;B01;1;1;1;0;1;1;5;
202100027061;153 345;A01;2;1;0;2;1;1;5;
202100027066;153 338;A01;2;1;12;0;0;1;5;
202100027068;153 336;B01;0;1;0;2;4;1;5;
202100027090;153 294;B01;1;1;0;2;0;9;5;
202100027091;153 292;B01;2;1;0;2;1;1;5;
202100027120;153 239;A01;1;1;0;0;1;1;5;
202100027124;153 231;B01;2;1;0;0;1;1;5;
202100027137;153 203;B01;0;1;0;2;4;2;5;
202100027198;153 101;B01;3;1;0;2;0;0;0;
202100027198;153 102;A01;3;1;0;2;1;26;5;
202100027206;153 084;B01;1;1;0;2;1;1;5;
202100027212;153 074;B01;3;1;0;9;1;1;5;
202100027215;153 068;B01;2;1;0;2;1;1;5;
202100027244;153 020;B01;2;1;0;2;3;6;5;
202100027249;153 011;A01;1;1;8;0;0;1;5;
202100027302;152 928;A01;3;1;0;2;1;1;5;
202100027330;152 870;B01;3;1;0;2;8;2;5;
202100027354;152 828;A01;1;1;0;2;7;19;5;
202100027357;152 820;B01;1;1;0;2;5;26;5;
202100027366;152 801;B01;1;1;0;2;4;15;5;
202100027367;152 798;B01;3;1;0;2;4;26;6;
202100027381;152 772;B01;3;1;0;2;1;1;5;
202100027381;152 773;A01;3;1;0;2;1;9;5;
202100027382;152 770;B01;1;1;0;2;3;1;5;
202100027383;152 769;A01;2;80;0;1;3;1;3;
202100027387;152 762;A01;3;1;0;2;7;1;5;
202100027389;152 757;A01;1;1;0;9;4;17;5;
202100027389;152 758;Z01;0;1;0;0;0;13;5;
202100027398;152 738;B01;1;1;0;2;3;19;5;
202100027408;152 722;B01;2;1;1;0;1;1;0;
202100027416;152 706;B01;2;1;0;2;1;1;5;
202100027431;152 686;B01;1;1;0;2;1;1;5;
202100027439;152 676;A01;2;1;0;2;1;13;5;
202100027446;152 667;A01;2;1;0;0;1;1;5;
202100027488;152 592;A01;1;1;0;2;2;1;5;
202100027496;152 579;A01;2;1;0;1;1;5;5;
202100027503;152 565;B01;2;1;0;2;1;21;5;
202100027506;152 559;A01;2;1;0;0;7;1;5;
202100027519;152 535;A01;1;1;0;2;2;19;5;
202100027519;152 536;Z01;2;80;0;2;1;1;3;
202100027534;152 512;Y01;1;1;0;2;7;21;5;
202100027540;152 500;B01;0;80;1;0;0;0;3;
202100027545;152 493;A01;2;1;0;0;0;1;5;
202100027546;152 492;B01;2;1;0;2;7;1;5;
202100027555;152 470;B01;3;1;0;2;0;0;5;
202100027565;152 451;A01;2;1;0;2;7;17;5;
202100027565;152 452;B01;2;1;0;2;8;13;5;
202100027566;152 450;B01;1;1;0;2;0;1;5;
202100027567;152 447;A01;1;1;0;2;7;1;5;
202100027571;152 440;B01;1;1;0;2;3;1;5;
202100027573;152 437;B01;2;1;0;2;7;19;5;
202100027574;152 434;B01;2;1;0;2;1;1;5;
202100027575;152 433;A01;2;1;0;0;2;26;5;
202100027587;152 414;A01;0;1;0;2;1;1;0;
202100027592;152 404;B01;1;1;0;2;8;1;5;
202100027598;152 392;B01;2;1;0;2;4;15;5;
202100027602;152 383;A01;1;1;0;2;1;1;5;
202100027620;152 353;B01;3;1;0;2;1;13;5;
202100027627;152 339;A01;2;1;0;0;0;1;5;
202100027651;152 294;A01;1;1;0;2;1;17;5;
202100027655;152 288;B01;2;1;0;0;5;26;5;
202100027658;152 284;A01;2;1;0;2;8;1;5;
202100027725;152 157;B01;1;1;0;2;3;19;5;
202100027726;152 155;A01;0;80;0;2;7;19;3;
202100027727;152 153;B01;1;1;0;2;1;1;5;
202100027728;152 150;A01;0;1;0;2;1;16;5;
202100027735;152 138;A01;0;1;0;2;4;16;5;
202100027737;152 135;B01;3;1;0;2;1;1;5;
202100027738;152 133;B01;3;80;0;2;5;19;3;
202100027741;152 125;A01;2;1;8;0;1;1;5;
202100027743;152 122;B01;2;1;0;2;3;1;5;
202100027758;152 091;A01;1;1;4;0;1;13;5;
202100027761;152 085;B01;2;80;0;2;8;1;3;
202100027762;152 084;A01;1;1;0;0;0;21;5;
202100027765;152 079;B01;2;1;0;2;0;7;5;
202100027766;152 077;A01;3;1;0;2;8;1;5;
202100027771;152 071;A01;2;1;0;0;0;1;5;
202100027773;152 069;B01;2;1;0;2;1;0;5;
202100027786;152 048;B01;2;1;0;2;3;1;0;
202100027789;152 043;B01;2;1;0;2;1;1;5;
202100027790;152 041;A01;1;80;0;2;1;1;3;
202100027803;152 016;A01;3;1;0;0;0;1;5;
202100027812;151 999;B01;1;1;0;2;9;1;0;
202100027814;151 997;A01;1;1;0;6;6;1;0;
202100027818;151 989;A01;3;80;0;0;0;1;3;
202100027819;151 988;A01;2;1;14;0;0;1;5;
202100027821;151 985;A01;3;1;0;0;0;1;5;
202100027828;151 974;B01;3;1;0;0;0;0;5;
202100027875;151 888;B01;1;1;0;2;3;21;5;
202100027880;151 878;B01;2;1;0;2;7;0;0;
202100027883;151 873;B01;1;1;0;2;7;1;5;
202100027888;151 861;A01;0;1;0;1;1;25;5;
202100027901;151 837;B01;3;1;0;2;8;1;0;
202100027905;151 827;B01;2;1;0;2;8;1;0;
202100027915;151 811;A01;3;1;0;9;3;9;5;
202100027915;151 812;B01;3;80;0;2;1;1;3;
202100027916;151 810;B01;1;1;0;2;3;19;5;
202100027919;151 803;A01;0;1;0;2;1;17;5;
202100027919;151 804;B01;0;1;0;0;0;1;5;
202100027923;151 798;B01;3;1;0;2;0;0;5;
202100027926;151 790;B01;1;1;0;2;1;1;5;
202100027927;151 788;A01;1;1;0;0;0;1;5;
202100027929;151 785;A01;1;1;0;0;0;1;0;
202100027930;151 784;A01;0;1;0;0;0;1;0;
202100027933;151 777;B01;2;1;0;2;7;1;5;
202100027952;151 736;A01;1;1;0;2;1;2;5;
202100027956;151 729;A01;1;1;0;2;2;13;5;
202100027966;151 714;A01;1;1;0;2;4;2;5;
202100027969;151 708;A01;1;1;0;0;1;5;5;
202100027971;151 706;A01;3;1;0;2;4;2;5;
202100027972;151 704;A01;1;1;0;1;1;1;5;
202100027981;151 690;B01;1;1;0;2;3;1;5;
202100027999;151 660;A01;2;1;0;0;0;1;5;
202100028001;151 654;B01;3;1;0;2;1;1;5;
202100028001;151 655;C01;3;1;0;2;1;1;5;
202100028001;151 656;D01;3;1;0;2;1;1;5;
202100028001;151 657;E01;3;1;0;2;1;1;5;
202100028003;151 650;B01;3;1;0;2;1;1;0;
202100028015;151 633;B01;0;1;0;2;1;1;5;
202100028055;151 564;B01;1;1;0;2;3;1;5;
202100028060;151 556;A01;1;1;0;2;2;5;5;
202100028063;151 552;B01;1;1;0;2;1;1;5;
202100028064;151 550;B01;2;1;0;2;8;15;5;
202100028090;151 496;B01;1;1;0;2;3;13;5;
202100028092;151 493;B01;1;1;0;2;8;1;5;
202100028094;151 489;B01;1;1;1;0;1;1;5;
202100028112;151 453;B01;0;1;0;2;8;1;5;
202100028115;151 448;A01;1;1;0;2;1;15;5;
202100028120;151 439;B01;3;1;0;2;4;2;0;
202100028122;151 437;A01;1;1;16;0;0;1;5;
202100028131;151 421;A01;2;1;0;2;1;16;5;
202100028160;151 363;A01;1;1;0;2;1;17;5;
202100028160;151 364;B01;1;1;0;2;6;15;5;
202100028161;151 362;B01;3;1;0;2;1;16;5;
202100028165;151 355;A01;2;80;0;2;1;5;3;
202100028167;151 350;B01;1;1;0;2;8;19;5;
202100028173;151 339;Y01;2;1;0;2;1;17;0;
202100028175;151 335;B01;3;1;0;2;1;2;5;
202100028191;151 304;B01;2;1;0;0;6;2;6;
202100028215;151 260;B01;3;1;0;2;4;19;5;
202100028225;151 242;B01;3;1;0;2;1;1;6;
202100028238;151 217;B01;1;1;0;2;4;1;5;
202100028266;151 169;B01;1;1;0;0;8;1;5;
202100028275;151 155;B01;1;1;0;2;1;1;0;
202100028279;151 147;B01;3;1;0;2;8;1;5;
202100028291;151 125;B01;1;1;0;2;4;1;5;
202100028299;151 111;B01;3;80;0;2;4;9;3;
202100028309;151 092;B01;2;1;0;2;1;26;0;
202100028313;151 085;A01;1;1;0;2;1;19;5;
202100028322;151 070;A01;2;1;0;2;1;5;5;
202100028325;151 066;B01;3;1;0;0;0;0;5;
202100028351;151 025;B01;1;1;0;2;4;13;5;
202100028373;150 991;A01;1;1;12;0;7;13;5;
202100028374;150 990;B01;3;1;0;0;6;15;5;
202100028389;150 967;A01;1;1;0;0;2;19;5;
202100028394;150 958;B01;1;1;0;2;1;1;5;
202100028415;150 925;A01;2;1;0;2;1;0;5;
202100028419;150 916;C01;2;1;0;2;1;1;5;
202100028419;150 917;B01;2;1;0;2;1;1;5;
202100028419;150 918;A01;1;1;0;2;0;19;5;
202100028421;150 914;A01;0;1;0;2;0;0;0;
202100028423;150 911;A01;3;1;0;2;3;9;5;
202100028459;150 846;B01;2;1;0;2;8;1;5;
202100028467;150 833;B01;1;1;0;2;3;26;5;
202100028469;150 829;A01;3;80;0;2;4;1;3;
202100028497;150 777;A01;3;1;0;2;1;15;5;
202100028500;150 770;B01;1;80;0;2;0;1;3;
202100028511;150 751;A01;3;80;0;0;0;0;3;
202100028537;150 709;B01;1;1;0;2;4;1;5;
202100028539;150 706;A01;2;1;0;2;1;13;5;
202100028554;150 680;B01;3;1;0;2;8;1;5;
202100028557;150 674;B01;0;1;0;2;2;1;5;
202100028571;150 649;A01;2;1;0;2;1;1;5;
202100028576;150 639;B01;2;1;0;2;8;26;5;
202100028598;150 598;A01;2;1;0;2;1;5;5;
202100028623;150 551;B01;1;80;0;2;1;1;3;
202100028626;150 546;A01;3;1;0;2;2;9;5;
202100028631;150 536;B01;1;1;0;2;8;19;5;
202100028632;150 534;A01;1;1;0;2;1;1;5;
202100028636;150 527;B01;1;1;0;2;2;9;2;
202100028648;150 505;B01;1;1;0;2;1;1;5;
202100028648;150 506;A01;2;1;0;2;1;1;5;
202100028650;150 502;B01;3;1;0;2;1;8;0;
202100028654;150 495;A01;1;1;0;1;1;25;5;
202100028659;150 488;B01;3;1;0;2;5;1;5;
202100028677;150 459;B01;1;1;0;2;3;1;5;
202100028681;150 455;A01;1;1;0;2;1;1;5;
202100028683;150 451;B01;2;1;0;2;4;9;5;
202100028690;150 437;B01;3;80;0;2;7;1;3;
202100028691;150 435;A01;2;1;0;2;5;2;5;
202100028696;150 426;Y01;1;1;0;2;1;5;5;
202100028740;150 354;B01;1;1;0;2;6;2;5;
202100028745;150 344;A01;3;1;0;9;9;2;5;
202100028745;150 345;B01;3;1;0;9;8;2;5;
202100028745;150 346;C01;3;1;0;9;7;2;5;
202100028762;150 312;B01;1;1;0;0;1;16;0;
202100028770;150 300;A01;1;1;0;0;8;1;5;
202100028773;150 296;B01;2;1;0;2;6;2;5;
202100028793;150 250;B01;3;80;0;2;1;1;3;
202100028810;150 223;A01;2;1;12;0;0;1;5;
202100028816;150 211;A01;1;1;0;2;1;18;5;
202100028830;150 190;A01;1;1;0;1;1;1;5;
202100028851;150 147;B01;2;1;0;2;3;19;5;
202100028856;150 139;B01;1;1;0;2;8;1;5;
202100028858;150 134;B01;2;80;0;2;1;19;3;
202100028859;150 133;A01;1;80;0;1;8;1;3;
202100028860;150 132;A01;2;80;0;2;2;1;3;
202100028861;150 129;A01;2;1;0;2;1;5;5;
202100028863;150 126;A01;0;1;0;2;2;1;5;
202100028867;150 121;B01;3;1;8;0;8;9;5;
202100028872;150 113;B01;2;1;0;2;3;25;5;
202100028875;150 108;B01;3;1;0;2;0;0;5;
202100028876;150 106;B01;1;1;0;2;8;1;0;
202100028915;150 043;B01;0;1;0;2;1;5;5;
202100028929;150 021;A01;1;1;0;2;1;13;5;
202100028931;150 018;A01;1;1;0;2;7;15;5;
202100028972;149 942;A01;2;80;16;0;0;19;3;
202100028974;149 938;B01;2;1;0;0;0;0;5;
202100028985;149 914;B01;2;1;0;2;1;1;5;
202100028990;149 907;B01;2;1;0;2;1;1;5;
202100028990;149 908;A01;1;1;0;2;1;15;5;
202100029009;149 879;A01;2;1;0;2;4;0;5;
202100029014;149 868;B01;2;1;0;2;1;1;5;
202100029023;149 853;B01;2;1;0;2;9;2;5;
202100029024;149 851;A01;1;1;0;0;9;1;5;
202100029025;149 849;A01;1;1;0;2;1;2;5;
202100029026;149 848;B01;3;1;0;2;1;16;5;
202100029028;149 844;B01;3;1;0;2;4;2;5;
202100029038;149 830;A01;3;1;0;2;8;1;5;
202100029069;149 785;A01;-1;1;-1;0;0;1;-1;
202100029071;149 783;Z01;1;1;0;1;4;25;6;
202100029072;149 782;B01;1;1;0;2;4;0;0;
202100029081;149 766;B01;2;1;0;2;2;1;5;
202100029102;149 730;B01;1;1;0;2;0;0;5;
202100029105;149 725;B01;2;1;0;2;2;19;5;
202100029112;149 710;C01;2;1;0;9;1;1;5;
202100029112;149 711;B01;2;1;0;9;1;1;5;
202100029112;149 712;A01;1;1;0;9;1;1;5;
202100029133;149 678;B01;1;1;0;2;8;19;5;
202100029161;149 622;A01;2;1;0;1;1;1;5;
202100029165;149 616;A01;1;1;0;0;0;0;0;
202100029179;149 594;A01;1;1;0;2;3;15;0;
202100029270;149 445;D01;1;1;0;2;1;26;5;
202100029288;149 411;A01;3;1;3;0;1;1;5;
202100029298;149 394;B01;1;1;0;2;0;0;5;
202100029309;149 373;B01;3;1;0;2;0;0;5;
202100029319;149 355;B01;1;80;0;2;3;7;3;
202100029328;149 339;A01;2;1;0;2;7;1;5;
202100029333;149 331;A01;1;1;0;0;8;21;5;
202100029334;149 330;A01;2;1;12;0;1;11;5;
202100029335;149 329;A01;1;1;0;2;2;17;5;
202100029366;149 284;B01;1;1;0;0;4;2;5;
202100029430;149 170;B01;1;1;0;2;4;1;6;
202100029440;149 158;A01;2;1;0;1;1;1;5;
202100029446;149 146;B01;3;1;0;2;0;1;5;
202100029481;149 092;B01;0;1;0;2;4;19;5;
202100029497;149 069;A01;2;1;0;0;0;0;5;
202100029507;149 053;A01;2;1;0;2;2;15;5;
202100029535;148 999;B01;0;1;0;2;8;2;5;
202100029538;148 994;B01;1;1;6;2;4;0;6;
202100029578;148 922;B01;2;1;0;2;8;1;5;
202100029590;148 896;B01;3;1;0;0;1;26;5;
202100029615;148 850;B01;1;1;0;2;8;1;5;
202100029625;148 832;A01;1;1;14;0;0;16;5;
202100029629;148 825;B01;2;1;0;2;8;13;5;
202100029635;148 815;B01;0;1;0;2;8;0;0;
202100029646;148 795;C01;2;1;0;0;8;1;5;
202100029646;148 796;B01;2;1;0;0;8;1;5;
202100029672;148 758;A01;2;1;0;1;1;1;5;
202100029681;148 741;A01;1;1;0;0;7;21;5;
202100029691;148 726;B01;1;1;0;2;3;2;5;
202100029694;148 720;B01;1;1;0;9;0;13;5;
202100029707;148 696;B01;1;80;0;2;4;15;3;
202100029738;148 634;A01;3;1;0;2;7;19;0;
202100029747;148 619;B01;3;1;0;2;3;1;5;
202100029751;148 614;B01;0;1;0;2;7;1;0;
202100029752;148 611;B01;3;1;0;2;1;1;5;
202100029775;148 565;B01;3;1;0;2;0;1;5;
202100029787;148 544;B01;1;1;0;2;7;5;5;
202100029791;148 539;B01;2;1;0;2;3;2;5;
202100029818;148 488;A01;1;1;0;2;1;2;5;
202100029818;148 489;B01;1;1;0;2;4;2;5;
202100029823;148 479;A01;1;1;0;2;1;1;5;
202100029825;148 476;A01;2;1;0;2;1;1;5;
202100029832;148 465;A01;2;1;0;2;1;5;5;
202100029833;148 464;A01;2;1;0;1;1;1;5;
202100029834;148 462;B01;2;1;0;2;1;1;5;
202100029835;148 461;A01;3;1;14;0;2;14;5;
202100029854;148 430;B01;2;80;0;2;8;1;3;
202100029856;148 426;A01;1;1;0;2;0;0;5;
202100029856;148 427;B01;1;1;0;2;0;0;5;
202100029863;148 413;B01;0;1;1;0;0;0;0;
202100029868;148 403;B01;2;80;0;2;7;26;3;
202100029908;148 343;B01;2;80;0;2;8;15;3;
202100029914;148 335;B01;2;1;0;2;4;1;5;
202100029920;148 325;B01;1;1;0;2;2;1;5;
202100029942;148 279;A01;1;1;0;2;8;13;5;
202100029945;148 275;A01;1;1;0;1;1;1;5;
202100029958;148 249;B01;3;1;0;2;1;1;5;
202100029966;148 233;A01;1;1;0;1;1;0;5;
202100029968;148 231;B01;1;1;0;2;8;1;5;
202100029970;148 227;B01;1;1;0;2;7;1;5;
202100029972;148 223;B01;1;1;0;2;8;9;6;
202100029987;148 194;B01;1;1;0;2;4;1;5;
202100030001;148 168;A01;1;1;0;2;1;19;5;
202100030007;148 157;A01;1;1;0;2;1;18;5;
202100030008;148 154;A01;2;1;0;2;1;13;5;
202100030009;148 152;B01;2;1;0;2;2;1;5;
202100030015;148 140;B01;1;1;0;2;3;1;5;
202100030016;148 138;B01;2;1;0;2;2;1;5;
202100030017;148 137;B01;1;1;0;2;1;1;5;
202100030018;148 135;B01;1;1;0;2;8;1;5;
202100030019;148 132;B01;2;1;0;2;1;1;5;
202100030020;148 130;A01;1;1;0;2;8;19;5;
202100030021;148 129;B01;2;1;0;2;1;1;5;
202100030024;148 122;A01;1;1;0;2;3;1;5;
202100030027;148 117;B01;1;80;0;2;3;1;3;
202100030029;148 113;A01;1;1;0;2;7;15;5;
202100030034;148 106;B01;2;1;1;0;0;0;5;
202100030056;148 058;C01;1;1;0;2;8;1;5;
202100030056;148 059;B01;1;1;0;2;8;1;5;
202100030062;148 049;A01;1;1;0;5;1;0;5;
202100030065;148 044;B01;3;1;0;2;8;1;5;
202100030069;148 037;A01;2;1;0;0;0;1;0;
202100030078;148 021;B01;2;1;0;2;4;1;5;
202100030079;148 019;B01;2;1;0;2;3;1;5;
202100030079;148 020;C01;2;1;0;9;1;1;5;
202100030087;147 999;B01;0;1;0;2;1;0;5;
202100030090;147 994;B01;2;1;0;0;8;1;5;
202100030103;147 969;A01;3;1;0;2;7;12;5;
202100030113;147 951;B01;2;80;0;2;7;0;3;
202100030146;147 886;A01;3;1;0;2;1;19;5;
202100030149;147 882;B01;1;1;0;2;8;1;0;
202100030155;147 867;A01;1;1;0;2;1;1;5;
202100030157;147 863;B01;0;1;0;2;1;1;5;
202100030164;147 850;B01;1;1;0;2;0;19;0;
202100030167;147 845;B01;2;1;0;2;2;19;5;
202100030181;147 821;A01;1;1;0;2;0;9;5;
202100030182;147 819;B01;2;1;0;2;1;2;5;
202100030185;147 815;B01;1;1;0;2;3;1;5;
202100030202;147 783;B01;3;1;0;2;7;1;5;
202100030211;147 765;B01;1;1;0;2;6;2;5;
202100030230;147 728;A01;2;1;0;1;1;5;5;
202100030233;147 723;A01;2;1;0;2;1;1;5;
202100030234;147 720;B01;1;1;0;2;1;13;5;
202100030235;147 719;B01;2;1;0;2;4;23;5;
202100030239;147 711;A01;2;1;0;0;7;7;5;
202100030240;147 709;B01;2;1;0;2;2;7;5;
202100030251;147 693;B01;1;1;0;2;4;1;5;