Num_Acc;id_vehicule;num_veh;senc;catv;obs;obsm;choc;manv;motor;occutc
202100038221;133 328;B01;1;1;0;2;1;1;5;
202100038228;133 314;B01;1;1;0;2;1;2;5;
202100038241;133 288;A01;3;1;0;1;1;26;5;
202100038260;133 259;B01;3;1;0;2;3;1;5;
202100038268;133 242;B01;1;1;0;2;4;0;5;
202100038281;133 220;A01;3;1;0;2;1;1;5;
202100038291;133 201;A01;2;1;0;2;1;1;5;
202100038298;133 187;B01;2;1;12;2;3;1;5;
202100038299;133 185;B01;3;1;0;2;1;15;5;
202100038316;133 151;A01;1;1;0;9;1;1;5;
202100038318;133 147;B01;2;1;0;2;8;1;5;
202100038319;133 145;A01;2;1;0;1;1;1;5;
202100038329;133 126;B01;1;80;0;0;0;0;3;
202100038333;133 112;B01;2;1;0;2;4;2;0;
202100038345;133 090;B01;1;1;0;2;1;1;5;
202100038367;133 058;A01;2;1;0;2;1;18;5;
202100038371;133 049;A01;2;1;0;2;1;2;5;
202100038381;133 032;B01;1;1;0;2;7;1;0;
202100038386;133 025;A01;3;1;0;2;1;19;5;
202100038392;133 011;A01;2;1;0;1;1;1;5;
202100038398;133 002;A01;2;80;0;1;1;1;3;
202100038401;132 997;A01;1;1;0;1;1;1;5;
202100038421;132 967;B01;3;1;0;2;1;1;5;
202100038428;132 955;C01;1;1;0;2;1;1;5;
202100038428;132 956;B01;1;1;0;2;1;1;5;
202100038442;132 932;B01;0;1;0;2;1;1;5;
202100038446;132 923;A01;0;1;0;0;0;0;5;
202100038451;132 914;B01;2;1;0;0;1;13;5;
202100038454;132 910;B01;3;1;0;2;1;9;5;
202100038470;132 883;B01;1;1;0;2;6;0;5;
202100038503;132 819;B01;1;80;0;2;2;11;3;
202100038513;132 802;A01;2;1;0;2;8;1;5;
202100038530;132 768;B01;2;1;0;2;1;1;5;
202100038531;132 765;B01;2;1;0;2;7;1;5;
202100038544;132 746;A01;2;1;0;2;1;9;5;
202100038564;132 714;A01;2;1;0;1;1;0;5;
202100038600;132 642;B01;1;1;0;2;1;1;5;
202100038604;132 634;B01;2;1;0;2;7;1;0;
202100038618;132 609;B01;2;1;0;2;1;1;5;
202100038646;132 557;A01;2;80;0;2;1;2;3;
202100038647;132 555;B01;2;1;0;2;1;1;5;
202100038688;132 482;A01;3;1;0;0;0;1;0;
202100038700;132 456;A01;2;1;0;1;1;1;5;
202100038711;132 440;B01;0;1;0;0;4;2;0;
202100038713;132 436;B01;3;1;0;2;5;1;5;
202100038715;132 432;A01;3;1;0;2;1;16;5;
202100038733;132 391;A01;3;1;0;0;0;19;6;
202100038760;132 330;B01;2;1;0;2;1;5;5;
202100038762;132 327;B01;1;1;0;2;1;16;5;
202100038764;132 324;B01;2;1;0;2;3;1;5;
202100038772;132 310;A01;1;80;0;2;1;2;3;
202100038779;132 299;B01;2;1;0;2;1;1;5;
202100038784;132 289;A01;1;1;0;2;5;14;5;
202100038784;132 290;B01;1;80;0;2;3;18;3;
202100038786;132 285;B01;2;1;0;2;1;25;5;
202100038811;132 241;B01;1;1;0;0;4;1;5;
202100038814;132 238;A01;3;80;0;0;0;1;3;
202100038825;132 224;B01;2;1;0;2;8;1;5;
202100038831;132 217;A01;0;1;6;0;0;1;5;
202100038851;132 184;A01;1;1;0;0;0;19;5;
202100038856;132 176;B01;2;1;0;2;1;1;5;
202100038876;132 137;B01;3;1;0;2;7;1;5;
202100038880;132 129;Y01;2;1;0;2;7;1;5;
202100038901;132 097;B01;2;1;0;2;1;1;5;
202100038904;132 089;A01;1;1;0;2;1;1;5;
202100038909;132 080;B01;2;1;0;2;1;1;1;
202100038918;132 067;Y01;2;1;0;2;1;1;5;
202100038922;132 060;B01;2;1;0;1;1;1;5;
202100038937;132 030;B01;2;1;0;0;0;0;0;
202100038958;132 001;B01;2;1;0;2;5;1;5;
202100038966;131 987;A01;3;1;0;0;0;1;5;
202100038970;131 981;A01;1;1;0;2;7;5;5;
202100038970;131 982;Z01;1;1;0;2;1;1;5;
202100038973;131 976;A01;3;1;0;0;1;26;5;
202100038975;131 974;B01;1;1;0;2;0;1;5;
202100038985;131 956;B01;3;80;0;2;7;0;3;
202100038994;131 937;B01;3;1;0;0;0;0;0;
202100038995;131 935;B01;1;1;0;2;1;17;0;
202100038998;131 932;B01;1;1;0;2;6;13;5;
202100038999;131 930;C01;1;1;0;0;8;1;5;
202100039002;131 924;A01;1;1;0;2;3;19;5;
202100039022;131 893;A01;3;1;0;2;4;16;6;
202100039028;131 884;A01;2;1;0;2;7;12;0;
202100039031;131 880;B01;2;1;0;2;1;0;5;
202100039055;131 823;A01;0;1;12;2;8;1;5;
202100039061;131 813;B01;1;1;0;2;8;15;5;
202100039062;131 811;B01;2;1;0;4;1;19;5;
202100039066;131 806;B01;1;1;0;2;8;19;5;
202100039071;131 798;B01;3;1;0;2;1;1;5;
202100039072;131 797;B01;2;80;0;2;1;1;3;
202100039086;131 768;A01;1;1;0;2;7;19;5;
202100039090;131 760;A01;2;1;0;2;6;19;5;
202100039110;131 721;B01;3;1;0;2;3;1;5;
202100039118;131 704;B01;1;1;0;2;1;0;5;
202100039119;131 703;A01;3;1;0;2;1;15;5;
202100039125;131 693;B01;3;1;0;2;3;1;6;
202100039127;131 689;A01;1;1;0;2;0;1;5;
202100039140;131 663;A01;1;1;0;2;6;15;5;
202100039141;131 660;A01;1;1;0;2;5;15;5;
202100039145;131 654;A01;1;1;0;2;1;2;5;
202100039147;131 650;A01;1;1;0;2;0;13;5;
202100039148;131 648;A01;2;1;0;1;8;1;5;
202100039165;131 618;B01;1;1;0;2;8;1;6;
202100039173;131 600;A01;0;1;0;0;8;2;5;
202100039175;131 598;A01;1;1;0;2;8;19;5;
202100039189;131 577;B01;1;1;0;2;1;1;5;
202100039251;131 451;B01;3;1;0;2;1;15;5;
202100039254;131 445;Z01;1;1;0;9;4;1;5;
202100039255;131 443;B01;1;1;0;2;8;0;0;
202100039267;131 416;A01;0;1;0;2;1;2;5;
202100039272;131 404;A01;3;1;0;2;3;19;5;
202100039273;131 401;B01;2;1;0;2;1;1;0;
202100039274;131 399;B01;2;1;0;2;1;1;5;
202100039281;131 387;B01;0;1;0;2;8;26;5;
202100039310;131 332;A01;3;1;8;0;1;0;5;
202100039339;131 283;A01;3;1;0;2;2;1;5;
202100039362;131 242;A01;1;80;0;0;2;23;3;
202100039375;131 219;B01;1;1;0;2;1;0;5;
202100039382;131 208;B01;2;1;0;2;1;1;5;
202100039440;131 105;B01;0;1;0;9;4;2;0;
202100039448;131 093;B01;2;1;0;2;3;19;5;
202100039450;131 091;A01;1;1;0;9;1;26;6;
202100039456;131 082;A01;2;1;0;2;1;1;5;
202100039457;131 079;B01;1;1;0;2;1;1;5;
202100039458;131 078;A01;1;1;0;2;8;5;5;
202100039459;131 076;A01;1;1;0;2;1;19;5;
202100039462;131 069;B01;2;1;0;2;8;0;5;
202100039474;131 048;B01;1;1;0;2;2;7;5;
202100039476;131 044;B01;1;1;0;2;3;1;5;
202100039478;131 040;A01;3;80;0;0;0;1;3;
202100039495;131 008;B01;3;1;0;2;2;25;5;
202100039499;131 000;B01;3;1;0;2;8;19;5;
202100039502;130 994;A01;3;1;0;2;3;13;5;
202100039508;130 983;A01;1;1;5;0;2;1;5;
202100039509;130 982;B01;2;1;0;2;4;16;6;
202100039528;130 943;B01;2;1;0;2;7;19;5;
202100039532;130 934;B01;2;1;0;2;1;1;5;
202100039561;130 876;B01;1;1;0;2;4;1;5;
202100039563;130 868;B01;1;1;0;2;1;1;0;
202100039578;130 842;A01;3;1;0;2;3;15;5;
202100039579;130 840;B01;1;1;0;2;7;16;5;
202100039581;130 835;B01;0;1;0;2;1;1;5;
202100039601;130 800;A01;2;80;0;1;1;1;3;
202100039607;130 792;B01;2;1;0;2;7;1;5;
202100039610;130 787;A01;1;1;0;1;1;1;5;
202100039611;130 786;Z01;1;1;0;1;1;1;5;
202100039619;130 771;A01;2;1;0;2;1;13;5;
202100039651;130 716;B01;0;1;0;2;1;1;5;
202100039691;130 633;A01;1;1;0;2;1;25;5;
202100039692;130 632;B01;1;1;0;2;1;1;5;
202100039706;130 609;B01;1;1;0;2;3;7;5;
202100039713;130 596;A01;1;1;14;0;7;12;5;
202100039719;130 584;A01;1;1;0;2;1;9;5;
202100039728;130 567;A01;2;1;0;2;1;1;5;
202100039732;130 559;A01;1;1;0;2;1;5;5;
202100039739;130 549;A01;1;1;0;0;0;2;5;
202100039742;130 544;B01;3;1;13;2;1;19;5;
202100039757;130 520;A01;1;1;0;2;2;17;5;
202100039762;130 510;B01;2;1;0;2;9;5;5;
202100039766;130 504;B01;2;1;0;2;3;13;5;
202100039768;130 501;A01;1;1;1;0;1;1;5;
202100039774;130 491;B01;3;1;0;0;0;2;5;
202100039804;130 431;A01;2;1;0;2;7;1;5;
202100039807;130 426;Y01;3;1;0;2;1;1;0;
202100039812;130 416;B01;2;1;0;2;0;0;5;
202100039816;130 408;B01;2;1;0;2;3;19;0;
202100039819;130 403;B01;0;1;0;0;0;0;5;
202100039848;130 352;A01;2;1;0;2;1;1;5;
202100039850;130 349;A01;1;1;0;2;1;26;0;
202100039855;130 341;B01;1;1;1;0;6;1;5;
202100039873;130 315;A01;1;1;0;0;0;0;5;
202100039888;130 290;A01;2;1;0;2;2;15;5;
202100039923;130 225;B01;1;1;0;2;4;1;5;
202100039926;130 219;A01;1;1;0;2;0;19;5;
202100039931;130 210;A01;2;1;0;4;0;2;5;
202100039933;130 206;B01;1;1;0;2;7;1;5;
202100039940;130 195;A01;1;1;1;0;1;17;5;
202100039943;130 191;A01;1;1;0;2;1;1;5;
202100039948;130 180;B01;2;1;0;2;1;1;5;
202100039959;130 163;A01;1;1;4;0;1;1;5;
202100039992;130 108;B01;2;1;0;2;1;1;6;
202100039996;130 102;A01;1;1;0;2;1;2;5;
202100040002;130 090;B01;2;1;0;2;8;2;0;
202100040032;130 042;B01;3;1;0;2;0;0;0;
202100040035;130 036;B01;2;1;0;2;4;1;-1;
202100040037;130 034;B01;3;1;0;2;8;0;0;
202100040053;130 003;B01;3;1;0;2;7;19;5;
202100040056;129 998;A01;2;1;0;2;8;26;5;
202100040074;129 964;B01;1;1;0;2;1;1;5;
202100040079;129 956;A01;1;1;0;2;1;1;5;
202100040088;129 938;A01;3;1;0;2;1;1;6;
202100040094;129 926;A01;3;1;0;0;2;1;5;
202100040104;129 912;B01;2;1;0;2;1;1;5;
202100040118;129 890;B01;3;1;0;2;4;1;5;
202100040122;129 883;A01;1;1;14;0;0;1;5;
202100040128;129 874;A01;0;1;8;0;1;0;5;
202100040136;129 854;A01;2;1;0;2;2;1;5;
202100040136;129 855;B01;2;1;0;2;6;1;5;
202100040141;129 846;B01;3;80;0;2;1;0;3;
202100040149;129 832;A01;2;1;0;2;8;1;5;
202100040162;129 810;B01;2;1;0;2;3;1;5;
202100040174;129 788;B01;1;1;0;2;1;1;5;
202100040177;129 783;B01;2;1;1;0;1;0;5;
202100040178;129 781;A01;1;1;0;0;0;26;0;
202100040180;129 778;B01;1;1;0;2;3;0;6;
202100040189;129 763;B01;1;1;1;2;7;17;5;
202100040193;129 757;B01;2;1;0;2;7;25;5;
202100040198;129 746;B01;0;1;0;2;3;1;5;
202100040202;129 738;A01;1;1;0;2;7;3;5;
202100040224;129 698;B01;1;1;0;2;1;2;5;
202100040226;129 695;A01;3;1;0;2;7;7;5;
202100040237;129 675;B01;2;1;1;0;1;1;5;
202100040238;129 673;B01;2;1;0;2;3;0;0;
202100040240;129 671;B01;2;1;0;2;0;1;5;
202100040244;129 664;B01;3;1;0;2;1;15;5;
202100040253;129 650;A01;2;1;0;9;4;15;0;
202100040262;129 636;B01;3;1;0;2;1;1;5;
202100040311;129 547;A01;1;1;0;2;7;1;5;
202100040313;129 544;A01;2;1;15;0;1;16;5;
202100040321;129 531;B01;1;1;0;2;2;1;5;
202100040322;129 529;B01;0;1;0;2;8;1;5;
202100040331;129 514;B01;0;1;0;2;7;1;5;
202100040339;129 500;B01;1;1;0;2;0;26;6;
202100040342;129 494;B01;1;1;0;2;0;17;5;
202100040348;129 483;A01;1;1;0;2;1;15;5;
202100040349;129 480;B01;1;1;0;2;1;1;5;
202100040364;129 454;A01;2;1;1;0;7;18;5;
202100040366;129 450;B01;1;1;0;2;8;17;5;
202100040371;129 444;A01;2;1;0;1;1;1;5;
202100040373;129 442;B01;2;1;0;2;1;1;5;
202100040374;129 439;A01;1;80;0;2;7;17;3;
202100040374;129 440;B01;1;80;0;2;8;13;3;
202100040377;129 433;A01;2;1;0;2;4;1;5;
202100040378;129 430;A01;1;1;0;2;0;1;5;
202100040378;129 431;B01;1;1;0;0;0;17;5;
202100040396;129 401;A01;0;1;0;0;0;16;5;
202100040414;129 372;B01;3;1;0;2;4;1;5;
202100040422;129 360;B01;3;1;0;2;1;17;5;
202100040441;129 321;B01;0;1;0;2;1;2;5;
202100040447;129 309;B01;1;1;0;2;3;2;0;
202100040450;129 304;B01;2;1;0;0;0;1;5;
202100040455;129 294;C01;3;1;0;2;7;0;6;
202100040455;129 295;B01;3;1;0;2;7;0;5;
202100040457;129 292;A01;1;1;0;2;1;9;5;
202100040477;129 255;A01;1;1;0;2;1;1;5;
202100040478;129 250;B01;3;1;0;2;1;1;5;
202100040484;129 240;B01;2;1;0;2;1;1;5;
202100040489;129 232;B01;1;1;1;2;7;1;5;
202100040497;129 220;B01;2;1;0;2;1;1;5;
202100040501;129 211;A01;1;1;0;2;0;15;5;
202100040503;129 207;B01;1;1;0;2;8;1;5;
202100040504;129 205;B01;1;1;0;2;4;1;5;
202100040506;129 201;B01;1;1;0;2;2;1;5;
202100040513;129 190;B01;1;1;0;2;2;1;5;
202100040514;129 187;A01;1;1;0;2;1;5;5;
202100040514;129 188;Z01;2;1;0;2;1;1;5;
202100040528;129 164;A01;0;1;12;0;1;1;5;
202100040536;129 151;B01;3;1;0;2;1;19;0;
202100040539;129 147;A01;2;1;0;0;9;2;5;
202100040546;129 135;A01;3;1;0;2;7;15;5;
202100040551;129 128;A01;2;80;0;2;8;15;3;
202100040565;129 106;B01;2;1;0;2;7;19;5;
202100040570;129 100;B01;3;1;0;2;8;19;5;
202100040589;129 066;A01;1;80;0;2;1;17;5;
202100040590;129 064;B01;3;1;0;2;7;17;0;
202100040592;129 060;B01;0;1;0;0;0;0;0;
202100040599;129 046;A01;3;1;0;2;1;25;5;
202100040610;129 025;A01;2;80;0;0;0;2;3;
202100040626;128 995;B01;3;1;0;2;1;1;5;
202100040633;128 981;A01;2;1;0;2;8;1;5;
202100040648;128 959;A01;0;1;0;0;0;0;5;
202100040663;128 938;A01;2;1;0;0;8;1;5;
202100040669;128 928;B01;1;1;0;2;1;1;6;
202100040669;128 929;A01;1;1;0;2;1;1;6;
202100040673;128 922;B01;2;1;0;2;9;1;5;
202100040673;128 923;A01;1;1;0;2;1;1;5;
202100040683;128 903;B01;1;1;0;2;8;1;5;
202100040695;128 883;B01;1;1;0;0;2;1;5;
202100040700;128 872;B01;0;1;0;2;5;19;0;
202100040722;128 822;B01;2;1;0;2;1;7;5;
202100040746;128 777;B01;3;1;0;2;1;1;5;
202100040747;128 775;A01;3;1;0;2;1;26;5;
202100040768;128 739;B01;1;1;0;2;7;1;5;
202100040772;128 732;A01;2;1;0;0;0;21;5;
202100040773;128 731;B01;1;1;0;2;1;1;5;
202100040775;128 727;A01;2;1;0;1;2;1;5;
202100040778;128 724;B01;2;1;0;2;2;1;5;
202100040780;128 720;B01;2;1;1;0;1;1;5;
202100040786;128 710;B01;0;1;0;2;1;26;5;
202100040793;128 697;B01;2;1;0;2;1;5;5;
202100040813;128 669;A01;1;1;0;0;8;0;5;
202100040817;128 664;A01;2;1;0;0;0;1;5;
202100040822;128 658;B01;3;1;0;2;1;1;5;
202100040824;128 655;A01;2;1;0;0;0;21;6;
202100040835;128 641;A01;1;1;1;0;1;26;5;
202100040847;128 622;B01;1;1;0;2;8;1;5;
202100040849;128 617;B01;1;1;0;0;4;0;5;
202100040865;128 581;B01;3;1;0;2;1;1;5;
202100040865;128 582;A01;3;1;0;2;1;13;5;
202100040878;128 555;B01;1;1;0;2;1;0;0;
202100040888;128 540;B01;3;1;0;2;8;19;5;
202100040894;128 532;B01;1;1;0;2;1;1;5;
202100040895;128 530;A01;1;1;0;2;1;1;5;
202100040896;128 528;B01;2;1;0;2;7;1;5;
202100040901;128 517;B01;1;80;0;2;7;1;3;
202100040902;128 516;B01;2;1;0;2;8;2;5;
202100040907;128 505;B01;1;1;0;2;7;1;5;
202100040909;128 502;A01;0;1;0;2;1;19;5;
202100040912;128 495;B01;3;1;0;2;9;18;5;
202100040927;128 465;B01;2;1;0;2;2;1;5;
202100040941;128 439;B01;3;1;0;2;7;1;5;
202100040944;128 432;B01;1;1;0;2;8;2;6;
202100040946;128 429;B01;2;80;0;2;8;18;3;
202100040948;128 425;B01;1;80;0;2;1;1;3;
202100040954;128 413;A01;2;1;0;2;8;13;5;
202100040955;128 411;B01;1;80;0;2;5;1;3;
202100040956;128 410;A01;1;1;0;0;1;1;5;
202100040959;128 406;B01;3;1;0;2;1;1;5;
202100040980;128 369;B01;1;1;0;2;1;1;5;
202100040981;128 366;A01;1;1;0;2;0;17;5;
202100040981;128 367;B01;1;1;0;2;0;21;5;
202100040984;128 361;B01;2;1;0;2;1;1;5;
202100040988;128 355;B01;0;1;15;2;4;2;5;
202100040990;128 352;B01;2;1;0;2;4;1;5;
202100040999;128 334;B01;1;1;0;9;3;1;5;
202100041014;128 305;A01;3;1;0;0;0;2;5;
202100041023;128 290;B01;0;1;0;2;5;19;5;
202100041025;128 287;C01;1;1;0;2;8;0;0;
202100041055;128 225;B01;2;1;0;2;7;19;5;
202100041060;128 214;B01;1;1;0;2;1;0;5;
202100041078;128 183;B01;0;1;0;2;8;15;5;
202100041083;128 176;B01;1;1;0;2;1;1;5;
202100041097;128 152;B01;3;1;0;9;1;1;5;
202100041104;128 140;A01;2;1;0;0;0;1;5;
202100041106;128 137;B01;1;1;0;2;1;21;5;
202100041114;128 122;B01;1;1;0;2;1;1;5;
202100041115;128 120;B01;2;1;0;2;7;1;5;
202100041117;128 116;B01;1;1;0;2;0;1;0;
202100041132;128 084;A01;3;1;0;2;1;19;5;
202100041138;128 073;A01;2;1;0;2;7;19;5;
202100041145;128 059;B01;1;1;0;2;1;18;5;
202100041147;128 055;B01;1;1;0;2;8;1;5;
202100041160;128 028;A01;1;80;12;0;1;19;3;
202100041161;128 026;B01;1;1;0;2;1;1;5;
202100041161;128 027;A01;1;1;0;2;1;26;5;
202100041162;128 025;A01;1;1;0;0;0;16;5;
202100041172;128 005;B01;2;1;1;0;2;1;5;
202100041173;128 002;A01;0;1;0;9;1;15;5;
202100041173;128 003;B01;0;1;0;9;1;1;5;
202100041198;127 961;B01;3;1;0;2;1;26;5;
202100041210;127 943;B01;1;1;0;2;8;1;5;
202100041217;127 931;A01;3;1;6;0;3;0;5;
202100041241;127 884;B01;1;1;0;0;8;13;5;
202100041244;127 879;B01;2;1;0;2;1;1;5;
202100041249;127 870;B01;1;1;0;2;1;1;5;
202100041267;127 837;A01;3;1;0;2;1;9;5;
202100041286;127 810;B01;2;1;0;2;8;0;5;
202100041287;127 808;A01;0;1;0;2;8;19;5;
202100041294;127 798;B01;1;1;0;2;3;1;5;
202100041319;127 752;B01;1;1;0;2;4;2;5;
202100041324;127 741;A01;2;80;0;2;7;1;3;
202100041326;127 737;A01;2;1;0;2;1;5;5;
202100041331;127 727;A01;2;1;0;1;1;1;5;
202100041337;127 719;A01;2;1;0;1;1;1;5;
202100041351;127 696;A01;1;1;14;9;1;1;5;
202100041358;127 683;B01;3;1;0;2;1;1;5;
202100041410;127 582;B01;0;1;0;2;0;18;5;
202100041413;127 577;A01;1;80;14;0;2;12;3;
202100041423;127 562;B01;3;1;0;2;3;9;5;
202100041456;127 505;B01;3;1;0;2;4;15;5;
202100041459;127 499;B01;3;1;0;2;7;19;5;
202100041497;127 432;A01;1;1;12;0;1;16;5;
202100041498;127 431;A01;3;1;0;2;1;2;6;
202100041507;127 418;A01;1;80;0;1;1;1;3;
202100041516;127 403;B01;2;1;0;2;1;1;5;
202100041539;127 356;B01;3;1;0;0;4;2;5;
202100041559;127 318;B01;2;1;0;2;1;1;5;
202100041559;127 319;A01;1;1;0;2;1;17;5;
202100041561;127 316;A01;1;1;14;0;7;13;5;
202100041564;127 308;B01;1;1;8;2;3;1;5;
202100041577;127 282;B01;2;1;0;2;1;1;5;
202100041585;127 270;A01;0;1;0;0;0;1;5;
202100041589;127 264;B01;2;1;0;2;1;1;5;
202100041590;127 262;A01;1;1;8;0;1;1;5;
202100041591;127 261;B01;1;1;0;2;1;1;5;
202100041610;127 228;B01;0;1;0;2;1;0;0;
202100041615;127 218;B01;2;1;0;2;1;1;5;
202100041680;127 106;A01;1;80;0;2;8;1;3;
202100041683;127 099;B01;1;1;0;2;7;1;5;
202100041695;127 080;A01;2;1;1;0;1;1;5;
202100041711;127 053;B01;1;1;0;2;1;16;5;
202100041714;127 046;A01;0;1;0;0;8;19;5;
202100041716;127 044;A01;1;1;0;2;3;25;5;
202100041732;127 017;B01;2;1;0;2;8;1;5;
202100041738;127 007;A01;2;1;0;2;8;1;5;
202100041767;126 953;B01;2;1;0;2;0;19;5;
202100041778;126 936;A01;2;1;0;2;3;1;5;
202100041790;126 909;B01;1;1;0;2;4;1;5;
202100041794;126 901;B01;2;1;0;2;4;13;5;
202100041798;126 895;B01;3;1;0;2;7;26;5;
202100041810;126 874;B01;2;1;0;2;2;1;5;
202100041811;126 873;B01;1;1;0;2;1;1;5;
202100041815;126 865;B01;3;1;0;2;1;1;5;
202100041815;126 866;A01;3;1;0;2;1;5;5;
202100041817;126 862;A01;2;1;1;0;8;14;5;
202100041818;126 861;A01;2;1;0;0;0;1;5;
202100041855;126 810;A01;3;1;0;0;1;25;5;
202100041873;126 776;A01;2;1;0;0;8;1;5;
202100041880;126 764;B01;1;1;0;2;1;25;5;
202100041889;126 744;B01;3;1;0;2;1;1;5;
202100041894;126 734;A01;0;1;0;0;0;1;5;
202100041895;126 732;B01;1;1;0;2;4;1;5;
202100041901;126 721;B01;2;1;0;2;0;0;5;
202100041902;126 719;B01;1;1;0;2;1;9;5;
202100041905;126 713;B01;0;80;0;2;3;0;3;
202100041910;126 705;B01;2;80;0;2;1;25;3;
202100041925;126 678;B01;1;1;0;2;4;1;5;
202100041927;126 675;B01;2;1;0;2;1;1;5;
202100041928;126 673;A01;2;1;0;1;1;25;5;
202100041929;126 671;B01;2;1;0;2;8;1;5;
202100041930;126 670;B01;1;1;0;2;7;16;5;
202100041940;126 654;A01;3;1;0;1;1;1;0;
202100041943;126 650;A01;1;1;0;2;4;1;5;
202100041948;126 639;B01;1;1;0;2;1;1;0;
202100041955;126 626;B01;1;1;0;2;8;1;5;
202100041981;126 582;A01;1;1;0;2;1;1;5;
202100041982;126 580;B01;1;1;0;2;6;13;5;
202100042010;126 529;B01;2;1;0;2;7;26;0;
202100042015;126 519;B01;2;1;0;2;7;1;5;
202100042030;126 496;B01;2;1;0;2;1;1;0;
202100042032;126 493;B01;3;1;0;2;1;19;0;
202100042037;126 485;A01;3;80;0;2;1;5;3;
202100042043;126 473;B01;1;1;1;0;2;1;5;
202100042052;126 458;A01;2;1;0;2;1;19;5;
202100042052;126 459;B01;2;1;0;2;1;1;5;
202100042055;126 454;A01;2;80;0;1;1;5;3;
202100042057;126 450;B01;2;1;0;2;2;1;5;
202100042060;126 445;B01;2;1;0;2;3;1;5;
202100042061;126 443;Z01;2;1;0;2;8;1;5;
202100042061;126 444;A01;1;80;0;2;7;18;3;
202100042062;126 442;A01;2;80;0;0;0;1;3;
202100042063;126 440;A01;1;1;0;2;1;1;5;
202100042072;126 424;B01;3;1;0;2;1;23;5;
202100042080;126 409;B01;2;1;0;2;2;16;5;
202100042099;126 378;B01;1;1;0;2;1;1;5;
202100042103;126 371;A01;3;1;6;0;1;15;5;
202100042108;126 363;B01;0;1;0;2;1;19;0;
202100042109;126 361;B01;0;1;0;2;8;2;5;
202100042109;126 362;A01;3;1;0;2;8;2;5;
202100042125;126 332;A01;1;1;0;2;1;1;5;
202100042133;126 315;A01;3;1;0;0;4;9;5;
202100042151;126 281;A01;1;1;0;2;1;25;0;
202100042153;126 276;B01;2;1;0;2;0;1;5;
202100042170;126 244;B01;2;1;0;2;1;1;5;
202100042172;126 241;A01;0;1;0;2;0;19;-1;
202100042173;126 238;B01;3;1;0;2;4;2;0;
202100042183;126 223;B01;3;1;0;2;8;1;5;
202100042186;126 218;B01;1;1;0;2;1;15;5;
202100042187;126 217;B01;1;1;0;2;8;12;5;
202100042189;126 212;A01;1;1;0;2;4;19;5;
202100042195;126 198;B01;1;1;0;2;1;1;0;
202100042202;126 186;B01;1;1;0;2;7;1;5;
202100042210;126 175;B01;2;1;0;2;2;1;5;
202100042211;126 173;B01;1;80;0;2;1;17;3;
202100042212;126 171;A01;2;1;0;1;1;1;5;
202100042215;126 165;A01;1;1;0;2;1;5;5;
202100042215;126 166;B01;1;1;0;2;1;1;5;
202100042216;126 163;B01;2;1;0;2;7;19;5;
202100042221;126 157;A01;2;1;0;2;4;15;6;
202100042230;126 141;B01;2;1;0;2;3;1;5;
202100042231;126 139;B01;1;1;0;2;8;1;5;
202100042233;126 134;Y01;3;1;0;2;1;1;5;
202100042264;126 083;B01;2;1;0;2;2;26;5;
202100042315;125 986;B01;1;1;0;2;1;15;5;
202100042323;125 971;B01;0;1;0;2;7;17;5;
202100042344;125 933;B01;2;1;0;2;4;17;5;
202100042347;125 929;B01;2;1;0;2;8;1;5;
202100042352;125 919;A01;2;1;0;2;7;1;5;
202100042355;125 915;A01;2;1;0;2;1;15;5;
202100042359;125 909;A01;1;1;0;0;0;1;5;
202100042368;125 896;B01;3;1;0;2;8;1;5;
202100042370;125 892;B01;3;1;0;2;1;25;5;
202100042379;125 878;A01;1;1;0;1;1;1;5;
202100042380;125 877;A01;1;1;0;2;1;1;5;
202100042426;125 785;B01;1;1;0;2;0;26;5;
202100042428;125 780;A01;1;1;0;2;8;1;5;
202100042433;125 772;A01;1;1;0;2;1;2;5;
202100042448;125 743;A01;3;1;0;0;0;1;5;
202100042451;125 739;B01;3;1;0;2;1;1;5;
202100042453;125 734;B01;1;1;0;2;2;1;5;
202100042454;125 732;B01;2;1;0;2;5;1;5;
202100042457;125 727;B01;2;1;0;2;0;1;5;
202100042461;125 721;B01;2;1;1;0;1;1;5;
202100042462;125 718;A01;3;1;0;4;7;21;5;
202100042463;125 716;B01;2;1;0;2;7;1;5;
202100042468;125 709;B01;1;1;0;2;1;1;5;
202100042472;125 701;A01;3;80;0;2;3;0;3;
202100042473;125 700;B01;3;1;0;2;0;1;5;
202100042478;125 692;B01;3;1;0;2;8;0;0;
202100042494;125 662;B01;2;1;0;2;3;1;5;
202100042507;125 639;A01;1;1;0;0;0;1;5;
202100042508;125 637;B01;1;1;0;2;1;1;5;
202100042509;125 636;B01;2;1;0;2;1;1;1;
202100042523;125 613;B01;1;1;0;0;1;1;5;
202100042527;125 608;A01;1;1;13;0;1;19;5;
202100042528;125 606;B01;3;1;0;2;1;19;5;
202100042531;125 603;B01;1;1;0;2;1;1;5;
202100042537;125 592;A01;1;1;0;0;7;2;5;
202100042544;125 581;B01;1;1;0;2;1;0;5;
202100042551;125 570;B01;2;1;0;2;7;1;5;
202100042555;125 564;A01;1;1;0;0;1;18;5;
202100042557;125 558;B01;3;1;0;2;0;9;5;
202100042560;125 552;B01;2;1;0;2;3;1;5;