Num_Acc;id_vehicule;num_veh;senc;catv;obs;obsm;choc;manv;motor;occutc
202100050578;111 279;A01;2;1;0;2;1;19;5;
202100050583;111 271;A01;2;1;0;2;4;15;5;
202100050616;111 216;A01;1;1;0;0;0;16;5;
202100050621;111 208;B01;1;1;0;0;4;1;5;
202100050631;111 188;B01;-1;1;0;2;0;19;5;
202100050632;111 185;B01;2;1;0;2;8;1;5;
202100050640;111 168;B01;0;1;0;2;1;1;6;
202100050643;111 163;B01;0;1;0;2;7;26;5;
202100050645;111 160;A01;1;1;0;2;3;9;5;
202100050658;111 135;B01;2;1;0;2;3;1;5;
202100050667;111 120;B01;3;1;0;2;4;2;5;
202100050674;111 110;B01;2;1;0;0;1;2;5;
202100050680;111 100;A01;3;1;15;0;0;21;5;
202100050746;110 976;B01;0;1;0;2;1;1;0;
202100050753;110 963;B01;2;1;0;2;1;1;0;
202100050765;110 938;A01;1;1;0;0;0;21;5;
202100050768;110 933;B01;1;1;0;2;8;1;5;
202100050770;110 929;A01;1;1;0;1;0;1;5;
202100050773;110 925;B01;1;80;0;2;0;1;3;
202100050795;110 887;B01;2;1;0;2;1;1;5;
202100050797;110 882;B01;1;1;0;2;4;2;5;
202100050802;110 871;B01;1;1;0;2;8;1;5;
202100050809;110 859;B01;1;1;0;2;7;1;5;
202100050814;110 850;B01;1;1;0;0;0;2;5;
202100050814;110 851;A01;1;1;0;0;0;1;5;
202100050818;110 845;B01;2;80;0;0;4;13;3;
202100050821;110 839;A01;2;1;12;2;7;2;5;
202100050821;110 840;B01;2;1;12;2;8;2;5;
202100050822;110 837;B01;2;1;0;2;8;1;5;
202100050831;110 821;B01;1;1;0;2;4;2;5;
202100050836;110 815;A01;3;1;0;1;1;1;5;
202100050856;110 775;A01;2;1;0;2;7;19;5;
202100050883;110 724;B01;1;1;0;2;8;13;5;
202100050887;110 717;B01;1;1;0;2;7;1;5;
202100050892;110 710;B01;2;1;0;2;4;15;5;
202100050897;110 701;C01;2;1;0;2;7;19;5;
202100050899;110 698;B01;1;1;0;2;1;26;5;
202100050901;110 695;A01;0;1;0;0;0;1;5;
202100050909;110 679;B01;3;1;0;2;8;1;0;
202100050910;110 677;B01;1;1;0;2;4;1;5;
202100050923;110 652;A01;1;1;0;2;1;16;5;
202100050929;110 641;A01;2;1;0;2;2;17;5;
202100050933;110 634;B01;2;1;0;2;0;1;5;
202100050936;110 630;A01;3;80;0;0;7;1;3;
202100050938;110 627;A01;1;1;0;1;1;1;5;
202100050940;110 625;A01;1;1;0;2;1;1;5;
202100050955;110 597;Z01;1;1;0;2;8;15;5;
202100050961;110 586;B01;1;1;0;2;4;2;5;
202100050973;110 569;A01;3;1;0;1;1;1;5;
202100050979;110 560;B01;2;1;0;2;8;1;5;
202100050993;110 525;B01;2;1;0;2;4;12;5;
202100050997;110 518;A01;3;1;0;0;0;1;5;
202100051019;110 474;B01;1;1;0;2;8;1;5;
202100051056;110 412;B01;2;1;0;2;1;25;5;
202100051059;110 408;A01;2;1;0;2;8;19;5;
202100051065;110 396;B01;3;1;0;2;7;1;5;
202100051086;110 362;A01;1;1;0;1;1;1;5;
202100051087;110 361;A01;1;1;8;2;3;15;5;
202100051092;110 352;B01;1;1;0;2;6;19;5;
202100051109;110 318;B01;2;1;0;2;4;2;5;
202100051136;110 271;A01;2;80;0;0;2;16;3;
202100051162;110 223;B01;0;1;1;0;8;21;0;
202100051165;110 219;B01;1;1;0;2;4;1;5;
202100051167;110 215;B01;3;1;0;2;0;0;0;
202100051181;110 184;A01;2;1;0;1;7;1;5;
202100051187;110 175;A01;2;1;0;2;3;19;5;
202100051187;110 176;B01;2;1;0;2;1;1;5;
202100051191;110 169;A01;1;1;0;2;7;15;5;
202100051228;110 109;B01;2;1;0;2;4;1;5;
202100051236;110 100;B01;2;80;12;2;0;2;3;
202100051237;110 098;B01;2;80;0;0;4;2;3;
202100051242;110 090;B01;2;1;0;2;0;1;5;
202100051248;110 079;B01;1;1;0;2;5;1;5;
202100051268;110 039;B01;2;1;1;0;1;9;5;
202100051279;110 016;A01;1;1;0;2;0;19;5;
202100051293;109 991;B01;1;1;0;2;7;1;6;
202100051306;109 964;A01;1;1;0;2;1;1;6;
202100051317;109 941;B01;1;1;0;2;7;1;5;
202100051352;109 884;A01;2;1;0;1;1;1;5;
202100051399;109 810;A01;1;80;12;0;7;1;3;
202100051401;109 807;B01;1;1;0;9;1;26;5;
202100051410;109 793;A01;1;1;0;1;1;1;5;
202100051421;109 776;B01;2;1;0;2;1;1;5;
202100051422;109 774;B01;2;80;0;2;7;1;3;
202100051428;109 767;A01;1;1;0;2;7;1;5;
202100051443;109 744;B01;2;1;0;2;1;0;0;
202100051451;109 728;B01;2;1;0;2;0;21;5;
202100051473;109 695;A01;1;1;0;0;0;0;5;
202100051480;109 686;B01;2;1;0;2;4;2;0;
202100051494;109 663;A01;2;1;2;0;1;11;5;
202100051514;109 617;B01;1;1;0;2;1;1;0;
202100051517;109 609;C01;2;1;0;2;1;1;5;
202100051519;109 605;A01;1;1;0;2;1;15;5;
202100051521;109 602;B01;3;1;0;2;1;5;5;
202100051556;109 540;B01;2;1;0;2;6;1;5;
202100051594;109 471;A01;1;1;0;2;1;1;5;
202100051598;109 463;A01;3;1;0;2;2;1;5;
202100051611;109 435;B01;1;1;0;2;4;1;5;
202100051656;109 357;B01;1;1;0;2;4;0;5;
202100051663;109 345;B01;1;1;0;2;8;18;5;
202100051673;109 330;A01;3;1;0;0;0;1;5;
202100051679;109 321;B01;2;1;0;2;1;1;0;
202100051696;109 287;B01;2;1;0;2;8;15;5;
202100051706;109 269;B01;1;1;0;2;1;1;5;
202100051709;109 264;A01;2;80;0;2;1;1;3;
202100051711;109 259;B01;2;1;0;2;1;1;5;
202100051717;109 248;B01;1;1;0;2;8;1;5;
202100051725;109 235;B01;2;1;0;2;2;1;6;
202100051732;109 224;A01;2;1;0;0;0;1;5;
202100051736;109 216;B01;1;80;0;2;1;1;3;
202100051763;109 178;B01;1;80;0;2;2;1;3;
202100051788;109 129;B01;3;80;0;2;8;19;3;
202100051804;109 101;B01;1;80;0;2;4;2;3;
202100051809;109 093;A01;1;1;1;0;1;1;6;
202100051843;109 036;B01;3;1;0;2;1;1;5;
202100051859;109 006;B01;2;1;0;2;7;19;5;
202100051860;109 005;A01;0;1;0;2;2;14;5;
202100051865;108 994;B01;0;1;0;2;8;1;5;
202100051878;108 969;B01;3;1;0;2;1;15;5;
202100051880;108 964;A01;1;1;0;2;4;26;5;
202100051895;108 941;A01;3;1;0;0;7;1;5;
202100051896;108 939;A01;1;1;0;2;1;13;5;
202100051900;108 934;B01;1;1;0;2;8;1;0;
202100051901;108 932;A01;3;1;0;2;1;9;5;
202100051919;108 900;B01;1;1;0;2;1;9;5;
202100051924;108 891;A01;1;1;0;2;1;1;5;
202100051929;108 884;Z01;2;1;0;1;7;1;5;
202100051988;108 780;A01;1;1;0;2;8;15;5;
202100052003;108 755;B01;2;1;0;2;1;1;5;
202100052003;108 756;A01;2;1;0;1;1;1;5;
202100052010;108 740;B01;2;1;0;2;1;2;5;
202100052011;108 738;B01;2;1;0;2;4;2;0;
202100052015;108 732;B01;1;1;0;2;1;1;0;
202100052019;108 727;B01;1;1;0;2;4;1;5;
202100052028;108 712;B01;3;1;0;2;0;0;0;
202100052047;108 682;B01;2;1;0;2;1;1;5;
202100052067;108 648;A01;1;1;0;0;0;25;5;
202100052071;108 642;B01;1;1;0;0;4;2;5;
202100052089;108 608;B01;1;1;0;2;4;1;5;
202100052102;108 576;A01;1;1;0;2;6;1;5;
202100052116;108 552;B01;0;1;0;2;7;1;5;
202100052121;108 542;B01;0;80;0;2;8;0;3;
202100052123;108 540;A01;3;1;0;0;1;0;5;
202100052139;108 512;B01;2;1;0;2;8;19;5;
202100052139;108 513;A01;1;1;0;2;1;1;5;
202100052143;108 506;B01;2;1;0;2;3;1;5;
202100052144;108 504;A01;1;1;0;1;1;1;5;
202100052164;108 470;A01;1;1;0;2;7;1;5;
202100052179;108 442;B01;1;1;0;2;1;26;5;
202100052215;108 376;B01;1;1;0;2;1;1;5;
202100052230;108 344;Z01;1;80;0;1;0;1;3;
202100052232;108 341;A01;1;1;0;0;0;1;5;
202100052265;108 285;B01;2;1;0;2;1;15;5;
202100052292;108 240;B01;1;1;0;2;8;2;5;
202100052298;108 229;B01;3;1;0;2;7;0;6;
202100052301;108 225;B01;1;1;0;2;1;1;5;
202100052310;108 214;A01;2;1;0;4;1;13;5;
202100052315;108 205;B01;2;1;0;2;1;19;5;
202100052322;108 190;B01;1;1;0;2;7;1;5;
202100052345;108 148;B01;3;1;0;2;7;1;5;
202100052374;108 095;B01;1;1;0;2;1;1;5;
202100052378;108 090;B01;1;1;0;2;1;7;0;
202100052393;108 058;B01;2;1;0;2;8;19;5;
202100052394;108 057;B01;2;1;0;2;1;5;0;
202100052409;108 031;B01;1;1;0;2;1;15;5;
202100052412;108 027;B01;1;1;0;2;1;1;5;
202100052417;108 017;A01;1;1;0;1;1;1;5;
202100052420;108 012;B01;3;1;0;2;8;19;5;
202100052424;108 006;B01;2;1;0;2;4;1;5;
202100052449;107 960;B01;3;1;0;2;5;9;5;
202100052462;107 941;B01;1;1;0;2;7;15;5;
202100052463;107 938;B01;2;1;0;2;7;10;5;
202100052467;107 931;B01;2;1;0;2;4;1;0;
202100052468;107 929;B01;1;1;0;2;8;26;5;
202100052471;107 924;B01;1;1;0;2;0;0;0;
202100052473;107 921;B01;2;1;0;2;1;1;0;
202100052494;107 892;B01;1;1;0;0;4;2;5;
202100052514;107 851;A01;2;1;0;2;1;1;5;
202100052518;107 844;B01;1;1;0;2;1;13;5;
202100052520;107 842;A01;1;1;0;1;1;18;5;
202100052525;107 834;B01;2;1;0;2;1;1;6;
202100052539;107 806;A01;1;1;0;2;1;26;5;
202100052540;107 805;B01;3;1;0;2;7;1;5;
202100052543;107 800;A01;1;80;0;0;0;0;3;
202100052544;107 799;B01;3;1;0;2;7;0;5;
202100052546;107 796;B01;1;80;0;2;8;1;3;
202100052549;107 789;A01;1;1;0;2;0;13;0;
202100052569;107 757;A01;3;1;0;1;1;1;5;
202100052570;107 755;B01;1;1;0;2;1;13;5;
202100052571;107 754;A01;2;1;0;1;7;1;5;
202100052574;107 749;B01;2;1;0;2;6;15;5;
202100052576;107 745;A01;2;1;0;1;2;1;5;
202100052579;107 742;B01;1;1;0;2;1;1;5;
202100052581;107 738;A01;1;1;0;1;7;1;5;
202100052585;107 732;B01;2;1;0;0;0;0;5;
202100052605;107 692;A01;1;1;0;2;1;1;5;
202100052608;107 684;B01;1;1;0;2;8;2;5;
202100052618;107 671;B01;1;1;0;2;1;1;5;
202100052619;107 669;B01;2;1;0;0;4;1;5;
202100052622;107 661;A01;2;1;0;2;8;9;5;
202100052634;107 644;A01;2;1;0;2;1;1;5;
202100052653;107 608;B01;3;1;0;2;4;1;5;
202100052664;107 590;A01;2;1;15;0;3;21;5;
202100052668;107 583;A01;2;1;0;0;0;26;5;
202100052670;107 581;A01;0;1;0;2;1;16;5;
202100052675;107 575;A01;3;1;0;2;1;1;5;
202100052676;107 572;B01;1;1;0;2;1;1;5;
202100052681;107 564;A01;0;1;6;0;1;17;5;
202100052692;107 542;B01;1;1;0;2;7;1;5;
202100052696;107 535;A01;2;1;0;2;1;1;5;
202100052718;107 502;B01;1;1;0;2;1;1;5;
202100052718;107 503;C01;1;1;0;2;1;1;5;
202100052745;107 448;B01;2;80;1;0;1;18;3;
202100052763;107 415;B01;2;1;0;2;7;1;0;
202100052771;107 401;B01;1;80;0;2;6;1;3;
202100052777;107 390;B01;1;1;0;2;2;1;5;
202100052779;107 387;B01;1;1;0;2;2;9;6;
202100052799;107 348;A01;3;1;0;2;3;19;5;
202100052805;107 335;B01;3;1;0;2;3;15;5;
202100052806;107 332;B01;1;1;0;2;8;15;5;
202100052806;107 333;A01;1;1;0;2;7;17;5;
202100052811;107 323;B01;3;1;0;2;2;1;5;
202100052817;107 313;A01;1;1;0;1;1;1;5;
202100052842;107 267;B01;2;1;0;2;8;1;5;
202100052864;107 224;B01;1;1;0;2;1;15;5;
202100052868;107 214;B01;1;1;0;2;1;1;5;
202100052877;107 197;B01;1;1;0;2;8;1;5;
202100052883;107 189;B01;1;1;0;2;7;1;0;
202100052893;107 172;B01;0;1;0;2;4;1;5;
202100052915;107 135;B01;2;1;0;2;1;1;5;
202100052928;107 113;A01;1;1;0;2;1;15;5;
202100052949;107 075;B01;2;1;0;2;6;1;5;
202100052952;107 067;B01;1;1;0;0;4;2;5;
202100052952;107 068;A01;1;1;0;9;1;2;5;
202100052966;107 041;A01;1;1;0;2;8;19;5;
202100052969;107 035;A01;3;1;0;2;1;1;6;
202100052990;106 999;A01;1;1;0;2;4;1;5;
202100053041;106 912;B01;1;1;0;2;4;1;5;
202100053043;106 909;A01;1;1;0;2;1;1;5;
202100053054;106 890;A01;3;80;0;2;1;1;3;
202100053055;106 888;B01;2;1;0;2;4;1;5;
202100053064;106 869;B01;3;1;0;2;1;2;5;
202100053082;106 843;A01;2;1;0;1;0;1;5;
202100053090;106 831;A01;2;1;12;0;1;1;5;
202100053124;106 779;B01;1;1;0;2;8;1;1;
202100053127;106 775;B01;1;1;0;2;7;19;5;
202100053161;106 713;B01;2;1;0;0;0;21;5;
202100053175;106 685;B01;0;1;0;2;1;1;5;
202100053178;106 680;B01;2;1;0;2;4;15;5;
202100053186;106 664;A01;2;1;0;2;7;19;5;
202100053204;106 635;B01;1;1;0;2;7;1;5;
202100053218;106 610;B01;3;1;0;2;0;1;5;
202100053220;106 606;A01;3;1;0;2;7;1;5;
202100053239;106 564;A01;1;1;0;2;1;1;5;
202100053243;106 558;A01;2;1;1;2;7;18;5;
202100053244;106 555;B01;1;1;0;2;8;1;5;
202100053251;106 546;B01;1;1;0;2;1;1;5;
202100053257;106 534;A01;1;1;0;2;1;19;0;
202100053262;106 528;A01;2;1;0;2;1;25;5;
202100053275;106 506;A01;1;1;0;2;4;15;5;
202100053277;106 502;B01;1;1;0;2;2;1;5;
202100053294;106 471;B01;1;1;0;0;4;2;5;
202100053297;106 467;A01;1;1;0;2;1;0;5;
202100053298;106 464;A01;1;80;0;0;7;1;3;
202100053319;106 417;B01;1;1;0;2;1;19;0;
202100053323;106 410;B01;3;1;0;2;8;15;6;
202100053327;106 401;B01;3;1;0;2;1;26;0;
202100053332;106 390;A01;2;1;0;2;7;1;5;
202100053335;106 386;A01;0;1;0;1;1;1;5;
202100053351;106 359;A01;1;1;0;2;1;5;5;
202100053354;106 353;B01;2;1;0;2;8;1;5;
202100053422;106 225;B01;1;1;0;2;3;19;5;
202100053443;106 190;B01;2;1;0;2;1;1;5;
202100053449;106 178;B01;1;1;0;2;1;1;5;
202100053458;106 165;A01;3;1;0;2;7;15;5;
202100053460;106 160;A01;1;80;1;0;1;1;3;
202100053466;106 147;B01;1;1;0;2;8;1;5;
202100053476;106 126;A01;1;80;0;0;0;1;3;
202100053492;106 101;B01;0;1;0;2;1;1;0;
202100053493;106 100;B01;1;1;0;2;1;1;5;
202100053502;106 080;B01;1;1;0;2;0;1;5;
202100053506;106 072;A01;2;80;0;1;7;1;3;
202100053521;106 048;B01;2;1;0;2;0;1;5;
202100053521;106 049;A01;2;1;0;2;0;1;5;
202100053533;106 029;A01;2;1;0;2;0;0;5;
202100053541;106 016;B01;1;1;0;2;1;16;5;
202100053554;105 992;A01;1;1;0;2;2;11;5;
202100053555;105 991;B01;3;80;0;2;1;17;3;
202100053558;105 984;B01;2;1;0;2;1;2;5;
202100053584;105 939;A01;3;1;0;2;0;19;0;
202100053587;105 936;A01;1;1;0;2;3;26;5;
202100053592;105 922;A01;1;1;0;0;0;1;5;
202100053598;105 914;B01;1;1;0;2;8;1;5;
202100053628;105 866;B01;2;1;0;2;8;1;5;
202100053629;105 864;A01;1;1;0;2;0;21;5;
202100053630;105 863;A01;2;1;12;0;8;12;5;
202100053631;105 862;A01;1;1;0;1;1;1;5;
202100053707;105 734;B01;3;1;0;2;1;1;5;
202100053720;105 712;A01;1;1;0;2;5;1;5;
202100053737;105 689;B01;1;1;0;2;7;26;5;
202100053750;105 663;B01;2;1;0;2;4;1;5;
202100053751;105 660;A01;1;1;0;2;7;1;5;
202100053770;105 631;A01;3;1;0;0;0;26;5;
202100053774;105 626;B01;3;1;0;2;1;1;5;
202100053803;105 580;A01;0;1;0;2;2;1;5;
202100053830;105 528;B01;1;1;0;2;6;1;0;
202100053856;105 479;A01;3;1;0;0;0;16;5;
202100053876;105 443;A01;3;1;16;0;0;0;5;
202100053882;105 434;B01;1;1;0;0;4;1;5;
202100053883;105 432;B01;2;1;0;2;1;1;5;
202100053906;105 395;A01;3;1;0;2;1;1;6;
202100053941;105 332;A01;1;1;0;2;8;1;5;
202100053942;105 330;B01;3;1;0;2;8;19;5;
202100053960;105 299;A01;1;1;0;2;1;17;5;
202100053981;105 261;B01;1;1;0;2;1;16;0;
202100053988;105 247;A01;3;1;0;2;1;15;5;
202100053990;105 245;B01;2;1;0;2;4;2;5;
202100054051;105 129;B01;2;1;0;2;8;13;5;
202100054058;105 119;B01;1;1;0;2;7;1;5;
202100054062;105 111;B01;1;1;0;2;1;1;5;
202100054068;105 100;B01;3;1;0;2;8;19;5;
202100054097;105 050;B01;1;1;0;2;0;1;5;
202100054109;105 030;B01;2;1;1;0;0;0;5;
202100054153;104 950;B01;2;1;0;2;1;1;5;
202100054178;104 902;B01;3;1;0;2;1;1;5;
202100054179;104 900;A01;2;1;0;1;4;25;5;
202100054181;104 898;A01;2;1;14;0;1;1;5;
202100054182;104 897;A01;2;1;12;0;0;19;5;
202100054195;104 876;B01;2;1;0;2;0;9;0;
202100054208;104 854;B01;2;1;0;2;8;15;0;
202100054245;104 792;A01;2;1;0;2;1;17;5;
202100054254;104 779;B01;1;1;0;2;4;26;5;
202100054260;104 767;B01;2;1;0;2;8;1;5;
202100054263;104 761;B01;1;1;0;2;0;1;0;
202100054264;104 759;B01;1;1;0;2;4;2;5;
202100054277;104 740;B01;1;1;0;2;2;1;5;
202100054297;104 705;B01;1;1;0;0;4;2;5;
202100054305;104 688;B01;1;1;0;2;1;1;0;
202100054316;104 674;A01;1;1;0;2;8;7;0;
202100054320;104 665;B01;3;1;0;2;0;1;5;
202100054326;104 655;B01;3;1;0;2;1;1;5;
202100054338;104 634;B01;1;1;0;2;1;19;5;
202100054339;104 631;A01;2;80;0;2;2;1;3;
202100054344;104 624;B01;3;1;0;2;0;1;0;
202100054361;104 591;A01;1;1;8;0;1;1;5;
202100054371;104 574;A01;1;80;0;2;8;1;3;
202100054376;104 567;B01;1;1;1;0;0;1;5;
202100054377;104 565;A01;1;1;0;1;1;1;5;
202100054379;104 561;B01;1;1;0;2;8;1;0;
202100054396;104 530;A01;2;1;0;2;0;13;0;
202100054398;104 527;B01;3;1;0;2;1;1;5;
202100054431;104 461;B01;1;1;0;1;1;16;5;
202100054442;104 447;B01;1;1;0;2;1;1;5;
202100054448;104 439;B01;0;1;0;2;1;25;5;
202100054454;104 426;B01;0;1;0;2;4;15;5;
202100054455;104 423;B01;3;1;0;2;0;17;5;
202100054470;104 400;B01;1;1;0;2;2;1;5;
202100054471;104 398;B01;1;80;0;2;7;17;3;
202100054479;104 385;B01;2;1;0;2;8;1;5;
202100054488;104 371;B01;2;1;0;2;6;1;5;
202100054495;104 361;A01;1;1;0;1;1;1;5;
202100054496;104 360;A01;1;1;0;1;1;1;5;
202100054500;104 355;A01;1;1;0;2;7;19;5;
202100054513;104 335;B01;1;80;0;2;4;11;2;
202100054558;104 253;A01;2;1;0;0;0;1;5;
202100054565;104 242;B01;0;1;0;2;1;5;5;
202100054586;104 209;B01;2;1;0;2;7;1;5;
202100054592;104 199;B01;3;1;1;0;1;1;0;
202100054596;104 192;B01;1;1;0;2;8;13;0;
202100054602;104 182;A01;1;1;0;1;1;1;5;
202100054606;104 175;A01;3;1;0;2;2;19;5;
202100054615;104 161;A01;2;1;0;0;0;1;5;
202100054651;104 105;B01;2;1;0;2;8;15;5;
202100054667;104 066;B01;2;1;0;2;4;2;5;
202100054707;104 002;B01;3;1;0;2;4;2;5;
202100054716;103 987;A01;3;1;0;0;0;1;2;
202100054757;103 920;B01;1;1;0;2;8;1;5;
202100054767;103 906;A01;2;1;0;2;1;1;5;
202100054773;103 889;B01;1;1;0;2;1;1;5;
202100054782;103 874;A01;2;1;0;1;1;1;5;
202100054784;103 871;A01;2;1;12;0;1;1;5;
202100054787;103 867;B01;2;1;0;2;3;1;5;
202100054790;103 861;B01;1;1;1;0;0;1;5;
202100054806;103 830;B01;2;1;0;2;1;1;5;
202100054875;103 719;B01;1;1;0;2;1;1;5;
202100054878;103 714;B01;1;1;0;2;1;21;5;
202100054882;103 708;B01;2;1;0;2;8;1;5;
202100054891;103 692;B01;2;1;0;2;1;1;5;
202100054911;103 658;B01;2;1;0;2;3;1;5;
202100054918;103 644;B01;2;1;0;2;8;13;5;
202100054918;103 645;A01;2;1;0;2;7;17;5;
202100054919;103 643;B01;1;1;0;2;1;1;5;
202100054924;103 634;B01;2;1;0;2;3;18;5;
202100054925;103 633;A01;2;1;0;1;1;1;5;
202100054926;103 632;A01;1;1;0;2;3;15;5;
202100054927;103 630;A01;2;1;0;0;1;7;5;
202100054928;103 628;B01;2;1;0;2;1;17;5;
202100054930;103 625;A01;1;1;0;1;8;1;0;
202100054931;103 624;B01;3;1;0;2;8;19;0;
202100054948;103 593;B01;1;1;0;2;7;19;5;
202100055008;103 485;A01;1;1;0;2;1;15;5;
202100055012;103 475;A01;2;1;0;0;0;26;5;
202100055015;103 472;B01;2;1;0;2;4;18;5;
202100055016;103 470;B01;1;1;0;2;4;1;5;
202100055020;103 464;B01;3;1;0;2;4;2;0;
202100055035;103 438;B01;3;1;0;2;1;0;5;
202100055059;103 395;B01;1;1;0;2;1;19;5;
202100055061;103 391;A01;1;80;0;2;3;17;3;
202100055063;103 387;B01;1;1;0;2;1;2;6;
202100055066;103 381;B01;3;1;0;2;8;19;5;
202100055070;103 373;B01;1;1;0;2;1;1;5;
202100055092;103 338;B01;1;1;0;2;1;2;5;
202100055097;103 330;B01;1;1;0;2;4;2;5;
202100055108;103 309;A01;1;1;0;0;0;0;5;
202100055110;103 306;B01;3;1;0;2;5;1;5;
202100055165;103 208;B01;3;1;0;2;7;1;0;
202100055172;103 196;B01;2;1;0;2;1;1;0;
202100055177;103 188;A01;1;1;0;0;0;1;5;
202100055186;103 174;B01;1;80;0;2;8;1;3;
202100055203;103 142;A01;1;1;0;2;1;11;5;
202100055206;103 136;B01;2;1;0;2;1;1;5;
202100055212;103 126;B01;2;1;0;2;8;1;5;
202100055215;103 122;B01;2;1;0;2;0;1;5;
202100055221;103 112;B01;2;1;0;0;0;15;5;
202100055223;103 109;A01;1;80;1;2;7;1;3;
202100055239;103 084;A01;1;1;0;2;1;19;5;
202100055240;103 082;B01;3;1;0;0;1;1;5;
202100055270;103 023;A01;1;1;0;2;7;19;0;
202100055277;103 014;B01;3;1;0;2;8;16;5;
202100055312;102 959;B01;3;1;0;2;0;1;5;
202100055321;102 944;B01;2;1;0;2;1;1;0;
202100055330;102 929;B01;2;1;0;2;3;1;5;
202100055333;102 924;B01;0;1;0;0;0;0;5;
202100055363;102 879;A01;1;1;0;0;0;1;5;
202100055367;102 872;FA01;2;1;0;2;8;19;5;
202100055438;102 761;B01;1;1;0;2;0;15;0;
202100055457;102 723;A01;2;80;0;2;4;1;3;
202100055459;102 719;B01;1;80;0;2;1;1;3;
202100055462;102 712;B01;1;1;0;2;0;1;5;
202100055490;102 663;A01;1;1;0;2;1;5;5;
202100055493;102 657;B01;1;1;0;2;7;1;5;
202100055529;102 592;A01;1;1;0;1;1;1;5;
202100055530;102 590;B01;1;1;0;2;3;1;5;
202100055532;102 587;A01;0;1;14;0;0;1;5;
202100055533;102 585;B01;1;1;0;2;8;1;5;
202100055534;102 584;A01;1;1;9;0;1;19;5;
202100055535;102 583;B01;2;1;0;0;0;21;5;
202100055536;102 582;A01;1;1;0;1;1;1;5;
202100055594;102 483;A01;1;1;0;0;4;0;0;
202100055637;102 404;A01;1;1;0;2;1;5;5;
202100055669;102 348;B01;2;1;0;2;1;5;5;
202100055683;102 326;A01;2;1;0;2;1;1;5;
202100055684;102 325;B01;2;1;0;2;4;13;5;
202100055685;102 322;B01;3;1;0;2;1;1;5;
202100055697;102 304;B01;0;1;0;2;8;19;0;
202100055703;102 293;B01;2;1;0;2;7;1;5;
202100055708;102 286;B01;1;1;0;2;8;15;5;
202100055723;102 260;B01;1;1;0;2;1;1;5;
202100055731;102 247;B01;1;1;0;2;8;9;5;
202100055762;102 191;A01;0;1;0;2;7;1;5;
202100055767;102 180;B01;1;1;0;2;7;19;5;
202100055768;102 179;B01;1;1;0;0;6;2;5;
202100055770;102 175;B01;3;1;0;2;5;19;5;
202100055776;102 167;B01;3;1;0;2;1;1;5;
202100055794;102 135;B01;3;1;0;2;1;19;5;
202100055797;102 131;B01;2;80;0;2;0;1;3;
202100055803;102 119;B01;1;1;0;2;0;1;5;
202100055805;102 116;A01;1;1;0;2;7;12;5;
202100055808;102 113;B01;1;1;0;2;4;2;5;
202100055819;102 096;A01;2;1;0;2;3;19;5;
202100055830;102 079;A01;3;1;0;0;1;1;5;
202100055852;102 043;B01;1;1;0;2;7;1;0;
202100055872;102 012;A01;3;1;0;2;2;11;5;
202100055876;102 004;B01;2;1;0;2;8;19;5;
202100055923;101 916;A01;2;1;0;2;1;19;5;
202100055943;101 886;B01;1;1;0;2;1;1;5;
202100055944;101 884;B01;2;1;0;2;1;1;5;
202100055944;101 885;A01;1;1;0;2;1;5;5;
202100055977;101 833;B01;3;1;0;2;8;0;5;
202100055978;101 832;B01;2;1;0;2;1;1;5;
202100055998;101 791;B01;0;1;0;0;4;16;5;
202100056049;101 699;B01;3;1;0;2;1;1;5;
202100056051;101 696;B01;2;1;0;2;3;1;5;
202100056066;101 669;A01;3;1;0;2;1;1;5;
202100056069;101 661;B01;1;1;0;2;8;1;5;
202100056074;101 651;A01;1;1;0;2;1;1;5;
202100056075;101 648;B01;1;1;0;2;1;19;5;
202100056088;101 624;B01;2;1;12;0;0;1;5;
202100056135;101 542;A01;0;1;0;1;0;1;5;
202100056151;101 515;A01;3;1;0;2;1;1;5;
202100056169;101 487;A01;2;1;0;1;1;1;5;
202100056183;101 464;B01;3;80;0;2;1;1;3;
202100056184;101 462;A01;1;1;0;0;1;21;5;
202100056185;101 461;B01;2;1;0;2;8;19;5;
202100056189;101 454;B01;3;1;0;4;8;19;5;
202100056215;101 410;A01;1;1;0;0;3;1;5;
202100056248;101 349;B01;2;1;0;2;7;1;5;
202100056276;101 303;B01;2;1;0;2;3;1;5;
202100056281;101 294;A01;1;80;0;0;0;1;3;
202100056282;101 293;A01;1;80;12;0;1;13;3;
202100056283;101 292;A01;1;1;0;1;1;1;5;
202100056284;101 291;A01;1;1;0;1;1;5;5;
202100056285;101 289;B01;2;1;0;9;8;19;5;
202100056290;101 279;B01;2;1;0;2;1;1;5;
202100056300;101 259;A01;1;1;0;2;1;25;5;
202100056307;101 250;B01;1;1;9;0;4;1;5;
202100056312;101 244;A01;2;1;0;2;3;25;5;
202100056317;101 232;B01;2;1;0;0;8;1;5;
202100056346;101 181;A01;1;1;0;1;1;13;0;
202100056362;101 157;B01;2;1;0;2;0;1;5;
202100056404;101 079;A01;1;1;0;2;1;25;5;
202100056424;101 041;A01;1;1;0;2;1;1;5;
202100056508;100 898;A01;2;1;0;0;8;1;5;